network_structure,ps[0],ps[1],num_agents,epsilon,n_steps,n_runs,success_convergence_rate,individuals_converged,total_successful_pulls
complete,0.5,0.5001,10,0.1,1,1000,0.506,5.06,50014.97
complete,0.5,0.5001,10,0.1,2,1000,0.495,4.95,100010.79
complete,0.5,0.5001,10,0.1,3,1000,0.497,4.97,150003.03
complete,0.5,0.5001,10,0.1,4,1000,0.508,5.08,200003.9
complete,0.5,0.5001,10,0.1,5,1000,0.527,5.27,249984.67
complete,0.5,0.5001,10,0.1,6,1000,0.523,5.23,299986.22
complete,0.5,0.5001,10,0.1,7,1000,0.503,5.03,349984.1
complete,0.5,0.5001,10,0.1,8,1000,0.51,5.1,399983.27
complete,0.5,0.5001,10,0.1,9,1000,0.519,5.19,449994.5
complete,0.5,0.5001,10,0.1,10,1000,0.524,5.24,499979.14
complete,0.5,0.5001,10,0.1,11,1000,0.524,5.24,549984.93
complete,0.5,0.5001,10,0.1,12,1000,0.517,5.17,600022.55
complete,0.5,0.5001,10,0.1,13,1000,0.529,5.29,650035.38
complete,0.5,0.5001,10,0.1,14,1000,0.51,5.1,700053.02
complete,0.5,0.5001,10,0.1,15,1000,0.519,5.19,750058.73
complete,0.5,0.5001,10,0.1,16,1000,0.519,5.19,800062.66
complete,0.5,0.5001,10,0.1,17,1000,0.519,5.19,850112.06
complete,0.5,0.5001,10,0.1,18,1000,0.513,5.13,900100.94
complete,0.5,0.5001,10,0.1,19,1000,0.516,5.16,950109.69
complete,0.5,0.5001,10,0.1,20,1000,0.525,5.25,1000119.61
complete,0.5,0.5001,10,0.1,21,1000,0.521,5.21,1050138.71
complete,0.5,0.5001,10,0.1,22,1000,0.519,5.19,1100149.59
complete,0.5,0.5001,10,0.1,23,1000,0.52,5.2,1150135.45
complete,0.5,0.5001,10,0.1,24,1000,0.517,5.17,1200147.2
complete,0.5,0.5001,10,0.1,25,1000,0.527,5.27,1250138.55
complete,0.5,0.5001,10,0.1,26,1000,0.532,5.32,1300135.46
complete,0.5,0.5001,10,0.1,27,1000,0.532,5.32,1350121.58
complete,0.5,0.5001,10,0.1,28,1000,0.536,5.36,1400111.64
complete,0.5,0.5001,10,0.1,29,1000,0.524,5.24,1450096.58
complete,0.5,0.5001,10,0.1,30,1000,0.529,5.29,1500102.54
complete,0.5,0.5001,10,0.1,31,1000,0.538,5.38,1550121.06
complete,0.5,0.5001,10,0.1,32,1000,0.536,5.36,1600093.09
complete,0.5,0.5001,10,0.1,33,1000,0.539,5.39,1650101.68
complete,0.5,0.5001,10,0.1,34,1000,0.541,5.41,1700098.5
complete,0.5,0.5001,10,0.1,35,1000,0.538,5.38,1750089.93
complete,0.5,0.5001,10,0.1,36,1000,0.535,5.35,1800071.96
complete,0.5,0.5001,10,0.1,37,1000,0.528,5.28,1850070.7
complete,0.5,0.5001,10,0.1,38,1000,0.522,5.22,1900072.98
complete,0.5,0.5001,10,0.1,39,1000,0.53,5.3,1950060.43
complete,0.5,0.5001,10,0.1,40,1000,0.516,5.16,2000067.52
complete,0.5,0.5001,10,0.1,41,1000,0.517,5.17,2050079.94
complete,0.5,0.5001,10,0.1,42,1000,0.519,5.19,2100090.61
complete,0.5,0.5001,10,0.1,43,1000,0.52,5.2,2150092.81
complete,0.5,0.5001,10,0.1,44,1000,0.52,5.2,2200101.13
complete,0.5,0.5001,10,0.1,45,1000,0.519,5.19,2250119.7
complete,0.5,0.5001,10,0.1,46,1000,0.512,5.12,2300115.81
complete,0.5,0.5001,10,0.1,47,1000,0.523,5.23,2350133.46
complete,0.5,0.5001,10,0.1,48,1000,0.51,5.1,2400133.52
complete,0.5,0.5001,10,0.1,49,1000,0.522,5.22,2450146.86
complete,0.5,0.5001,10,0.1,50,1000,0.525,5.25,2500142.04
complete,0.5,0.5001,10,0.1,51,1000,0.526,5.26,2550139.84
complete,0.5,0.5001,10,0.1,52,1000,0.53,5.3,2600140.29
complete,0.5,0.5001,10,0.1,53,1000,0.532,5.32,2650150.64
complete,0.5,0.5001,10,0.1,54,1000,0.531,5.31,2700147.16
complete,0.5,0.5001,10,0.1,55,1000,0.533,5.33,2750169.84
complete,0.5,0.5001,10,0.1,56,1000,0.527,5.27,2800157.26
complete,0.5,0.5001,10,0.1,57,1000,0.523,5.23,2850164.34
complete,0.5,0.5001,10,0.1,58,1000,0.535,5.35,2900175.94
complete,0.5,0.5001,10,0.1,59,1000,0.528,5.28,2950191.47
complete,0.5,0.5001,10,0.1,60,1000,0.532,5.32,3000186.65
complete,0.5,0.5001,10,0.1,61,1000,0.53,5.3,3050195.89
complete,0.5,0.5001,10,0.1,62,1000,0.533,5.33,3100170.76
complete,0.5,0.5001,10,0.1,63,1000,0.53,5.3,3150179.15
complete,0.5,0.5001,10,0.1,64,1000,0.536,5.36,3200167.49
complete,0.5,0.5001,10,0.1,65,1000,0.537,5.37,3250141.69
complete,0.5,0.5001,10,0.1,66,1000,0.534,5.34,3300136.99
complete,0.5,0.5001,10,0.1,67,1000,0.532,5.32,3350140.27
complete,0.5,0.5001,10,0.1,68,1000,0.534,5.34,3400100.9
complete,0.5,0.5001,10,0.1,69,1000,0.529,5.29,3450125.84
complete,0.5,0.5001,10,0.1,70,1000,0.528,5.28,3500142.91
complete,0.5,0.5001,10,0.1,71,1000,0.529,5.29,3550151.25
complete,0.5,0.5001,10,0.1,72,1000,0.531,5.31,3600176.96
complete,0.5,0.5001,10,0.1,73,1000,0.538,5.38,3650174.08
complete,0.5,0.5001,10,0.1,74,1000,0.539,5.39,3700184.37
complete,0.5,0.5001,10,0.1,75,1000,0.539,5.39,3750207.07
complete,0.5,0.5001,10,0.1,76,1000,0.528,5.28,3800238.45
complete,0.5,0.5001,10,0.1,77,1000,0.535,5.35,3850263.37
complete,0.5,0.5001,10,0.1,78,1000,0.53,5.3,3900268.43
complete,0.5,0.5001,10,0.1,79,1000,0.519,5.19,3950287.05
complete,0.5,0.5001,10,0.1,80,1000,0.519,5.19,4000283.52
complete,0.5,0.5001,10,0.1,81,1000,0.52,5.2,4050286.94
complete,0.5,0.5001,10,0.1,82,1000,0.521,5.21,4100305.36
complete,0.5,0.5001,10,0.1,83,1000,0.525,5.25,4150306.32
complete,0.5,0.5001,10,0.1,84,1000,0.525,5.25,4200316.6
complete,0.5,0.5001,10,0.1,85,1000,0.516,5.16,4250326.79
complete,0.5,0.5001,10,0.1,86,1000,0.513,5.13,4300330.73
complete,0.5,0.5001,10,0.1,87,1000,0.514,5.14,4350345.57
complete,0.5,0.5001,10,0.1,88,1000,0.518,5.18,4400332.19
complete,0.5,0.5001,10,0.1,89,1000,0.517,5.17,4450315.57
complete,0.5,0.5001,10,0.1,90,1000,0.518,5.18,4500344.24
complete,0.5,0.5001,10,0.1,91,1000,0.52,5.2,4550361.15
complete,0.5,0.5001,10,0.1,92,1000,0.526,5.26,4600374.92
complete,0.5,0.5001,10,0.1,93,1000,0.525,5.25,4650400.74
complete,0.5,0.5001,10,0.1,94,1000,0.526,5.26,4700399.12
complete,0.5,0.5001,10,0.1,95,1000,0.521,5.21,4750380.7
complete,0.5,0.5001,10,0.1,96,1000,0.522,5.22,4800365.96
complete,0.5,0.5001,10,0.1,97,1000,0.523,5.23,4850379.62
complete,0.5,0.5001,10,0.1,98,1000,0.523,5.23,4900401.64
complete,0.5,0.5001,10,0.1,99,1000,0.523,5.23,4950422.65
complete,0.5,0.5001,10,0.1,100,1000,0.526,5.26,5000440.46
cycle,0.5,0.5001,10,0.1,1,1000,0.027,5.112,15023.231
cycle,0.5,0.5001,10,0.1,2,1000,0.036,5.149,30025.448
cycle,0.5,0.5001,10,0.1,3,1000,0.039,5.22,45031.268
cycle,0.5,0.5001,10,0.1,4,1000,0.049,5.285,60027.224
cycle,0.5,0.5001,10,0.1,5,1000,0.052,5.293,75027.956
cycle,0.5,0.5001,10,0.1,6,1000,0.059,5.301,90036.995
cycle,0.5,0.5001,10,0.1,7,1000,0.058,5.338,105035.066
cycle,0.5,0.5001,10,0.1,8,1000,0.054,5.385,120038.774
cycle,0.5,0.5001,10,0.1,9,1000,0.05,5.351,135044.855
cycle,0.5,0.5001,10,0.1,10,1000,0.052,5.344,150053.396
cycle,0.5,0.5001,10,0.1,11,1000,0.059,5.382,165049.178
cycle,0.5,0.5001,10,0.1,12,1000,0.061,5.353,180056.726
cycle,0.5,0.5001,10,0.1,13,1000,0.055,5.355,195056.438
cycle,0.5,0.5001,10,0.1,14,1000,0.062,5.335,210060.401
cycle,0.5,0.5001,10,0.1,15,1000,0.056,5.322,225064.31
cycle,0.5,0.5001,10,0.1,16,1000,0.075,5.385,240055.349
cycle,0.5,0.5001,10,0.1,17,1000,0.076,5.404,255061.982
cycle,0.5,0.5001,10,0.1,18,1000,0.072,5.353,270064.493
cycle,0.5,0.5001,10,0.1,19,1000,0.075,5.37,285066.644
cycle,0.5,0.5001,10,0.1,20,1000,0.073,5.38,300070.565
cycle,0.5,0.5001,10,0.1,21,1000,0.072,5.379,315072.8
cycle,0.5,0.5001,10,0.1,22,1000,0.072,5.394,330073.769
cycle,0.5,0.5001,10,0.1,23,1000,0.072,5.348,345072.362
cycle,0.5,0.5001,10,0.1,24,1000,0.081,5.383,360070.445
cycle,0.5,0.5001,10,0.1,25,1000,0.079,5.393,375071.87
cycle,0.5,0.5001,10,0.1,26,1000,0.078,5.396,390068.87
cycle,0.5,0.5001,10,0.1,27,1000,0.082,5.37,405064.502
cycle,0.5,0.5001,10,0.1,28,1000,0.082,5.379,420077.03
cycle,0.5,0.5001,10,0.1,29,1000,0.084,5.392,435084.557
cycle,0.5,0.5001,10,0.1,30,1000,0.084,5.397,450089.84
cycle,0.5,0.5001,10,0.1,31,1000,0.082,5.405,465092.711
cycle,0.5,0.5001,10,0.1,32,1000,0.082,5.374,480089.984
cycle,0.5,0.5001,10,0.1,33,1000,0.08,5.377,495093.308
cycle,0.5,0.5001,10,0.1,34,1000,0.079,5.389,510094.577
cycle,0.5,0.5001,10,0.1,35,1000,0.074,5.391,525091.124
cycle,0.5,0.5001,10,0.1,36,1000,0.079,5.421,540091.031
cycle,0.5,0.5001,10,0.1,37,1000,0.08,5.388,555091.484
cycle,0.5,0.5001,10,0.1,38,1000,0.077,5.357,570101.879
cycle,0.5,0.5001,10,0.1,39,1000,0.067,5.37,585107.258
cycle,0.5,0.5001,10,0.1,40,1000,0.071,5.381,600111.311
cycle,0.5,0.5001,10,0.1,41,1000,0.076,5.375,615105.824
cycle,0.5,0.5001,10,0.1,42,1000,0.08,5.356,630110.021
cycle,0.5,0.5001,10,0.1,43,1000,0.077,5.326,645106.016
cycle,0.5,0.5001,10,0.1,44,1000,0.077,5.351,660103.652
cycle,0.5,0.5001,10,0.1,45,1000,0.072,5.363,675103.46
cycle,0.5,0.5001,10,0.1,46,1000,0.072,5.354,690107.144
cycle,0.5,0.5001,10,0.1,47,1000,0.067,5.324,705109.124
cycle,0.5,0.5001,10,0.1,48,1000,0.062,5.371,720107.174
cycle,0.5,0.5001,10,0.1,49,1000,0.075,5.383,735110.15
cycle,0.5,0.5001,10,0.1,50,1000,0.078,5.373,750116.528
cycle,0.5,0.5001,10,0.1,51,1000,0.07,5.368,765127.07
cycle,0.5,0.5001,10,0.1,52,1000,0.068,5.363,780129.791
cycle,0.5,0.5001,10,0.1,53,1000,0.065,5.392,795131.975
cycle,0.5,0.5001,10,0.1,54,1000,0.073,5.394,810135.068
cycle,0.5,0.5001,10,0.1,55,1000,0.07,5.409,825130.571
cycle,0.5,0.5001,10,0.1,56,1000,0.072,5.39,840137.966
cycle,0.5,0.5001,10,0.1,57,1000,0.072,5.381,855142.823
cycle,0.5,0.5001,10,0.1,58,1000,0.07,5.362,870149.765
cycle,0.5,0.5001,10,0.1,59,1000,0.067,5.327,885159.413
cycle,0.5,0.5001,10,0.1,60,1000,0.074,5.315,900159.209
cycle,0.5,0.5001,10,0.1,61,1000,0.073,5.347,915164.969
cycle,0.5,0.5001,10,0.1,62,1000,0.08,5.36,930173.852
cycle,0.5,0.5001,10,0.1,63,1000,0.077,5.368,945182.804
cycle,0.5,0.5001,10,0.1,64,1000,0.076,5.339,960186.89
cycle,0.5,0.5001,10,0.1,65,1000,0.072,5.339,975190.346
cycle,0.5,0.5001,10,0.1,66,1000,0.077,5.302,990194.999
cycle,0.5,0.5001,10,0.1,67,1000,0.074,5.302,1005193.529
cycle,0.5,0.5001,10,0.1,68,1000,0.074,5.318,1020197.156
cycle,0.5,0.5001,10,0.1,69,1000,0.075,5.324,1035195.32
cycle,0.5,0.5001,10,0.1,70,1000,0.07,5.307,1050193.247
cycle,0.5,0.5001,10,0.1,71,1000,0.07,5.346,1065189.899
cycle,0.5,0.5001,10,0.1,72,1000,0.07,5.332,1080194.825
cycle,0.5,0.5001,10,0.1,73,1000,0.073,5.338,1095199.517
cycle,0.5,0.5001,10,0.1,74,1000,0.073,5.339,1110198.932
cycle,0.5,0.5001,10,0.1,75,1000,0.074,5.371,1125191.654
cycle,0.5,0.5001,10,0.1,76,1000,0.07,5.356,1140201.293
cycle,0.5,0.5001,10,0.1,77,1000,0.077,5.347,1155203.864
cycle,0.5,0.5001,10,0.1,78,1000,0.08,5.343,1170209.66
cycle,0.5,0.5001,10,0.1,79,1000,0.084,5.322,1185209.702
cycle,0.5,0.5001,10,0.1,80,1000,0.083,5.343,1200205.118
cycle,0.5,0.5001,10,0.1,81,1000,0.08,5.34,1215211.196
cycle,0.5,0.5001,10,0.1,82,1000,0.075,5.346,1230203.945
cycle,0.5,0.5001,10,0.1,83,1000,0.071,5.339,1245203.702
cycle,0.5,0.5001,10,0.1,84,1000,0.074,5.325,1260205.904
cycle,0.5,0.5001,10,0.1,85,1000,0.073,5.331,1275204.227
cycle,0.5,0.5001,10,0.1,86,1000,0.074,5.343,1290199.913
cycle,0.5,0.5001,10,0.1,87,1000,0.082,5.327,1305205.796
cycle,0.5,0.5001,10,0.1,88,1000,0.081,5.337,1320211.958
cycle,0.5,0.5001,10,0.1,89,1000,0.077,5.303,1335220.154
cycle,0.5,0.5001,10,0.1,90,1000,0.075,5.289,1350220.478
cycle,0.5,0.5001,10,0.1,91,1000,0.08,5.277,1365225.185
cycle,0.5,0.5001,10,0.1,92,1000,0.081,5.282,1380226.985
cycle,0.5,0.5001,10,0.1,93,1000,0.083,5.317,1395226.379
cycle,0.5,0.5001,10,0.1,94,1000,0.077,5.307,1410232.634
cycle,0.5,0.5001,10,0.1,95,1000,0.078,5.299,1425232.19
cycle,0.5,0.5001,10,0.1,96,1000,0.076,5.265,1440235.259
cycle,0.5,0.5001,10,0.1,97,1000,0.077,5.279,1455236.462
cycle,0.5,0.5001,10,0.1,98,1000,0.075,5.277,1470245.432
cycle,0.5,0.5001,10,0.1,99,1000,0.073,5.251,1485243.476
cycle,0.5,0.5001,10,0.1,100,1000,0.069,5.255,1500242.165
wheel,0.5,0.5001,10,0.1,1,1000,0.078,4.935,23020.836
wheel,0.5,0.5001,10,0.1,2,1000,0.097,5.01,46027.608
wheel,0.5,0.5001,10,0.1,3,1000,0.097,4.977,69026.268
wheel,0.5,0.5001,10,0.1,4,1000,0.103,4.992,92012.052
wheel,0.5,0.5001,10,0.1,5,1000,0.104,4.987,115022.874
wheel,0.5,0.5001,10,0.1,6,1000,0.106,4.939,138021.268
wheel,0.5,0.5001,10,0.1,7,1000,0.111,4.932,161009.258
wheel,0.5,0.5001,10,0.1,8,1000,0.12,5.001,184023.624
wheel,0.5,0.5001,10,0.1,9,1000,0.128,5.007,207016.052
wheel,0.5,0.5001,10,0.1,10,1000,0.124,4.983,230026.274
wheel,0.5,0.5001,10,0.1,11,1000,0.14,5.021,253031.644
wheel,0.5,0.5001,10,0.1,12,1000,0.136,5.018,276036.836
wheel,0.5,0.5001,10,0.1,13,1000,0.14,5.05,299048.276
wheel,0.5,0.5001,10,0.1,14,1000,0.132,5.07,322030.434
wheel,0.5,0.5001,10,0.1,15,1000,0.137,4.982,345008.686
wheel,0.5,0.5001,10,0.1,16,1000,0.148,5.008,368005.336
wheel,0.5,0.5001,10,0.1,17,1000,0.148,5.032,391009.652
wheel,0.5,0.5001,10,0.1,18,1000,0.144,5.035,414014.078
wheel,0.5,0.5001,10,0.1,19,1000,0.149,5.014,437028.612
wheel,0.5,0.5001,10,0.1,20,1000,0.144,5.025,460051.056
wheel,0.5,0.5001,10,0.1,21,1000,0.139,5.004,483049.1
wheel,0.5,0.5001,10,0.1,22,1000,0.134,5.025,506056.638
wheel,0.5,0.5001,10,0.1,23,1000,0.146,5.051,529052.006
wheel,0.5,0.5001,10,0.1,24,1000,0.146,5.075,552041.614
wheel,0.5,0.5001,10,0.1,25,1000,0.152,5.064,575045.278
wheel,0.5,0.5001,10,0.1,26,1000,0.143,5.033,598045.584
wheel,0.5,0.5001,10,0.1,27,1000,0.145,5.075,621052.788
wheel,0.5,0.5001,10,0.1,28,1000,0.147,5.023,644056.07
wheel,0.5,0.5001,10,0.1,29,1000,0.157,5.072,667053.22
wheel,0.5,0.5001,10,0.1,30,1000,0.146,5.076,690051.498
wheel,0.5,0.5001,10,0.1,31,1000,0.144,5.043,713065.712
wheel,0.5,0.5001,10,0.1,32,1000,0.149,5.071,736079.942
wheel,0.5,0.5001,10,0.1,33,1000,0.15,5.108,759086.33
wheel,0.5,0.5001,10,0.1,34,1000,0.146,5.11,782073.784
wheel,0.5,0.5001,10,0.1,35,1000,0.14,5.154,805068.21
wheel,0.5,0.5001,10,0.1,36,1000,0.129,5.132,828082.882
wheel,0.5,0.5001,10,0.1,37,1000,0.136,5.123,851088.336
wheel,0.5,0.5001,10,0.1,38,1000,0.141,5.115,874097.838
wheel,0.5,0.5001,10,0.1,39,1000,0.158,5.209,897093.42
wheel,0.5,0.5001,10,0.1,40,1000,0.153,5.191,920095.514
wheel,0.5,0.5001,10,0.1,41,1000,0.148,5.195,943105.826
wheel,0.5,0.5001,10,0.1,42,1000,0.144,5.203,966104.552
wheel,0.5,0.5001,10,0.1,43,1000,0.151,5.18,989101.828
wheel,0.5,0.5001,10,0.1,44,1000,0.148,5.15,1012110.368
wheel,0.5,0.5001,10,0.1,45,1000,0.148,5.184,1035117.202
wheel,0.5,0.5001,10,0.1,46,1000,0.146,5.187,1058123.122
wheel,0.5,0.5001,10,0.1,47,1000,0.145,5.193,1081130.628
wheel,0.5,0.5001,10,0.1,48,1000,0.151,5.23,1104126.152
wheel,0.5,0.5001,10,0.1,49,1000,0.151,5.208,1127113.906
wheel,0.5,0.5001,10,0.1,50,1000,0.155,5.2,1150133.98
wheel,0.5,0.5001,10,0.1,51,1000,0.16,5.179,1173140.532
wheel,0.5,0.5001,10,0.1,52,1000,0.162,5.22,1196127.964
wheel,0.5,0.5001,10,0.1,53,1000,0.162,5.216,1219125.368
wheel,0.5,0.5001,10,0.1,54,1000,0.157,5.217,1242134.586
wheel,0.5,0.5001,10,0.1,55,1000,0.154,5.268,1265145.522
wheel,0.5,0.5001,10,0.1,56,1000,0.155,5.273,1288135.262
wheel,0.5,0.5001,10,0.1,57,1000,0.163,5.262,1311148.726
wheel,0.5,0.5001,10,0.1,58,1000,0.164,5.231,1334143.046
wheel,0.5,0.5001,10,0.1,59,1000,0.157,5.235,1357161.62
wheel,0.5,0.5001,10,0.1,60,1000,0.162,5.224,1380170.92
wheel,0.5,0.5001,10,0.1,61,1000,0.159,5.218,1403180.558
wheel,0.5,0.5001,10,0.1,62,1000,0.164,5.228,1426176.262
wheel,0.5,0.5001,10,0.1,63,1000,0.154,5.199,1449179.82
wheel,0.5,0.5001,10,0.1,64,1000,0.15,5.176,1472175.072
wheel,0.5,0.5001,10,0.1,65,1000,0.15,5.213,1495178.784
wheel,0.5,0.5001,10,0.1,66,1000,0.155,5.252,1518177.158
wheel,0.5,0.5001,10,0.1,67,1000,0.154,5.241,1541162.958
wheel,0.5,0.5001,10,0.1,68,1000,0.156,5.241,1564163.378
wheel,0.5,0.5001,10,0.1,69,1000,0.158,5.199,1587175.39
wheel,0.5,0.5001,10,0.1,70,1000,0.161,5.259,1610179.084
wheel,0.5,0.5001,10,0.1,71,1000,0.151,5.25,1633169.606
wheel,0.5,0.5001,10,0.1,72,1000,0.156,5.227,1656179.764
wheel,0.5,0.5001,10,0.1,73,1000,0.151,5.228,1679180.928
wheel,0.5,0.5001,10,0.1,74,1000,0.151,5.228,1702182.402
wheel,0.5,0.5001,10,0.1,75,1000,0.145,5.205,1725179.554
wheel,0.5,0.5001,10,0.1,76,1000,0.151,5.231,1748179.076
wheel,0.5,0.5001,10,0.1,77,1000,0.144,5.213,1771171.522
wheel,0.5,0.5001,10,0.1,78,1000,0.143,5.217,1794147.9
wheel,0.5,0.5001,10,0.1,79,1000,0.143,5.205,1817151.614
wheel,0.5,0.5001,10,0.1,80,1000,0.142,5.201,1840155.082
wheel,0.5,0.5001,10,0.1,81,1000,0.14,5.186,1863164.536
wheel,0.5,0.5001,10,0.1,82,1000,0.143,5.189,1886162.184
wheel,0.5,0.5001,10,0.1,83,1000,0.149,5.2,1909175.93
wheel,0.5,0.5001,10,0.1,84,1000,0.141,5.163,1932180.352
wheel,0.5,0.5001,10,0.1,85,1000,0.141,5.182,1955182.654
wheel,0.5,0.5001,10,0.1,86,1000,0.142,5.164,1978183.498
wheel,0.5,0.5001,10,0.1,87,1000,0.149,5.213,2001188.622
wheel,0.5,0.5001,10,0.1,88,1000,0.147,5.207,2024177.018
wheel,0.5,0.5001,10,0.1,89,1000,0.15,5.203,2047167.968
wheel,0.5,0.5001,10,0.1,90,1000,0.149,5.201,2070176.24
wheel,0.5,0.5001,10,0.1,91,1000,0.148,5.209,2093170.956
wheel,0.5,0.5001,10,0.1,92,1000,0.153,5.2,2116167.444
wheel,0.5,0.5001,10,0.1,93,1000,0.156,5.221,2139169.642
wheel,0.5,0.5001,10,0.1,94,1000,0.153,5.236,2162169.774
wheel,0.5,0.5001,10,0.1,95,1000,0.148,5.223,2185177.658
wheel,0.5,0.5001,10,0.1,96,1000,0.146,5.24,2208174.976
wheel,0.5,0.5001,10,0.1,97,1000,0.151,5.268,2231175.148
wheel,0.5,0.5001,10,0.1,98,1000,0.153,5.261,2254188.782
wheel,0.5,0.5001,10,0.1,99,1000,0.157,5.273,2277198.236
wheel,0.5,0.5001,10,0.1,100,1000,0.156,5.26,2300203.63
complete,0.5,0.5005,10,0.1,1,1000,0.507,5.07,50076.18
complete,0.5,0.5005,10,0.1,2,1000,0.495,4.95,100076.06
complete,0.5,0.5005,10,0.1,3,1000,0.516,5.16,150086.35
complete,0.5,0.5005,10,0.1,4,1000,0.545,5.45,200087.36
complete,0.5,0.5005,10,0.1,5,1000,0.524,5.24,250129.99
complete,0.5,0.5005,10,0.1,6,1000,0.536,5.36,300141.93
complete,0.5,0.5005,10,0.1,7,1000,0.538,5.38,350165.01
complete,0.5,0.5005,10,0.1,8,1000,0.545,5.45,400202.12
complete,0.5,0.5005,10,0.1,9,1000,0.54,5.4,450207.46
complete,0.5,0.5005,10,0.1,10,1000,0.544,5.44,500222.03
complete,0.5,0.5005,10,0.1,11,1000,0.542,5.42,550245.68
complete,0.5,0.5005,10,0.1,12,1000,0.539,5.39,600262.08
complete,0.5,0.5005,10,0.1,13,1000,0.541,5.41,650307.71
complete,0.5,0.5005,10,0.1,14,1000,0.54,5.4,700336.66
complete,0.5,0.5005,10,0.1,15,1000,0.558,5.58,750375.47
complete,0.5,0.5005,10,0.1,16,1000,0.555,5.55,800407.11
complete,0.5,0.5005,10,0.1,17,1000,0.551,5.51,850422.39
complete,0.5,0.5005,10,0.1,18,1000,0.548,5.48,900445.94
complete,0.5,0.5005,10,0.1,19,1000,0.558,5.58,950501.66
complete,0.5,0.5005,10,0.1,20,1000,0.558,5.58,1000545.4
complete,0.5,0.5005,10,0.1,21,1000,0.55,5.5,1050560.59
complete,0.5,0.5005,10,0.1,22,1000,0.566,5.66,1100588.21
complete,0.5,0.5005,10,0.1,23,1000,0.573,5.73,1150624.34
complete,0.5,0.5005,10,0.1,24,1000,0.58,5.8,1200684.55
complete,0.5,0.5005,10,0.1,25,1000,0.58,5.8,1250700.25
complete,0.5,0.5005,10,0.1,26,1000,0.593,5.93,1300724.08
complete,0.5,0.5005,10,0.1,27,1000,0.593,5.93,1350759.42
complete,0.5,0.5005,10,0.1,28,1000,0.584,5.84,1400773.14
complete,0.5,0.5005,10,0.1,29,1000,0.593,5.93,1450805.04
complete,0.5,0.5005,10,0.1,30,1000,0.593,5.93,1500834.07
complete,0.5,0.5005,10,0.1,31,1000,0.594,5.94,1550870.86
complete,0.5,0.5005,10,0.1,32,1000,0.599,5.99,1600907.72
complete,0.5,0.5005,10,0.1,33,1000,0.605,6.05,1650914.57
complete,0.5,0.5005,10,0.1,34,1000,0.591,5.91,1700955.19
complete,0.5,0.5005,10,0.1,35,1000,0.593,5.93,1750972.2
complete,0.5,0.5005,10,0.1,36,1000,0.591,5.91,1801000.17
complete,0.5,0.5005,10,0.1,37,1000,0.599,5.99,1851053.86
complete,0.5,0.5005,10,0.1,38,1000,0.598,5.98,1901069.62
complete,0.5,0.5005,10,0.1,39,1000,0.606,6.06,1951085.63
complete,0.5,0.5005,10,0.1,40,1000,0.608,6.08,2001132.54
complete,0.5,0.5005,10,0.1,41,1000,0.613,6.13,2051163.81
complete,0.5,0.5005,10,0.1,42,1000,0.615,6.15,2101188.1
complete,0.5,0.5005,10,0.1,43,1000,0.62,6.2,2151197.32
complete,0.5,0.5005,10,0.1,44,1000,0.614,6.14,2201208.94
complete,0.5,0.5005,10,0.1,45,1000,0.614,6.14,2251269.91
complete,0.5,0.5005,10,0.1,46,1000,0.619,6.19,2301306.37
complete,0.5,0.5005,10,0.1,47,1000,0.628,6.28,2351324.14
complete,0.5,0.5005,10,0.1,48,1000,0.627,6.27,2401355.09
complete,0.5,0.5005,10,0.1,49,1000,0.634,6.34,2451387.38
complete,0.5,0.5005,10,0.1,50,1000,0.633,6.33,2501417.47
complete,0.5,0.5005,10,0.1,51,1000,0.633,6.33,2551436.71
complete,0.5,0.5005,10,0.1,52,1000,0.639,6.39,2601473.69
complete,0.5,0.5005,10,0.1,53,1000,0.634,6.34,2651511.64
complete,0.5,0.5005,10,0.1,54,1000,0.642,6.42,2701544.6
complete,0.5,0.5005,10,0.1,55,1000,0.643,6.43,2751567.74
complete,0.5,0.5005,10,0.1,56,1000,0.642,6.42,2801626.18
complete,0.5,0.5005,10,0.1,57,1000,0.643,6.43,2851664.32
complete,0.5,0.5005,10,0.1,58,1000,0.646,6.46,2901695.66
complete,0.5,0.5005,10,0.1,59,1000,0.65,6.5,2951721.16
complete,0.5,0.5005,10,0.1,60,1000,0.639,6.39,3001782.51
complete,0.5,0.5005,10,0.1,61,1000,0.647,6.47,3051794.6
complete,0.5,0.5005,10,0.1,62,1000,0.643,6.43,3101832.22
complete,0.5,0.5005,10,0.1,63,1000,0.636,6.36,3151873.26
complete,0.5,0.5005,10,0.1,64,1000,0.647,6.47,3201896.21
complete,0.5,0.5005,10,0.1,65,1000,0.645,6.45,3251948.42
complete,0.5,0.5005,10,0.1,66,1000,0.646,6.46,3301971.42
complete,0.5,0.5005,10,0.1,67,1000,0.647,6.47,3351989.07
complete,0.5,0.5005,10,0.1,68,1000,0.642,6.42,3402040.97
complete,0.5,0.5005,10,0.1,69,1000,0.638,6.38,3452091.48
complete,0.5,0.5005,10,0.1,70,1000,0.649,6.49,3502120.82
complete,0.5,0.5005,10,0.1,71,1000,0.641,6.41,3552149.2
complete,0.5,0.5005,10,0.1,72,1000,0.645,6.45,3602190.34
complete,0.5,0.5005,10,0.1,73,1000,0.651,6.51,3652225.38
complete,0.5,0.5005,10,0.1,74,1000,0.653,6.53,3702243.0
complete,0.5,0.5005,10,0.1,75,1000,0.656,6.56,3752266.0
complete,0.5,0.5005,10,0.1,76,1000,0.649,6.49,3802311.3
complete,0.5,0.5005,10,0.1,77,1000,0.649,6.49,3852349.89
complete,0.5,0.5005,10,0.1,78,1000,0.652,6.52,3902408.66
complete,0.5,0.5005,10,0.1,79,1000,0.653,6.53,3952433.27
complete,0.5,0.5005,10,0.1,80,1000,0.646,6.46,4002470.03
complete,0.5,0.5005,10,0.1,81,1000,0.64,6.4,4052491.92
complete,0.5,0.5005,10,0.1,82,1000,0.648,6.48,4102538.55
complete,0.5,0.5005,10,0.1,83,1000,0.653,6.53,4152564.19
complete,0.5,0.5005,10,0.1,84,1000,0.653,6.53,4202597.58
complete,0.5,0.5005,10,0.1,85,1000,0.658,6.58,4252631.54
complete,0.5,0.5005,10,0.1,86,1000,0.66,6.6,4302673.18
complete,0.5,0.5005,10,0.1,87,1000,0.663,6.63,4352679.56
complete,0.5,0.5005,10,0.1,88,1000,0.659,6.59,4402685.38
complete,0.5,0.5005,10,0.1,89,1000,0.663,6.63,4452717.66
complete,0.5,0.5005,10,0.1,90,1000,0.659,6.59,4502761.02
complete,0.5,0.5005,10,0.1,91,1000,0.662,6.62,4552810.1
complete,0.5,0.5005,10,0.1,92,1000,0.662,6.62,4602854.48
complete,0.5,0.5005,10,0.1,93,1000,0.666,6.66,4652861.65
complete,0.5,0.5005,10,0.1,94,1000,0.667,6.67,4702867.88
complete,0.5,0.5005,10,0.1,95,1000,0.662,6.62,4752906.55
complete,0.5,0.5005,10,0.1,96,1000,0.661,6.61,4802929.37
complete,0.5,0.5005,10,0.1,97,1000,0.665,6.65,4852964.8
complete,0.5,0.5005,10,0.1,98,1000,0.668,6.68,4902962.45
complete,0.5,0.5005,10,0.1,99,1000,0.667,6.67,4953007.02
complete,0.5,0.5005,10,0.1,100,1000,0.657,6.57,5003003.67
cycle,0.5,0.5005,10,0.1,1,1000,0.029,4.959,15032.27
cycle,0.5,0.5005,10,0.1,2,1000,0.031,5.105,30040.874
cycle,0.5,0.5005,10,0.1,3,1000,0.053,5.216,45048.212
cycle,0.5,0.5005,10,0.1,4,1000,0.05,5.231,60062.216
cycle,0.5,0.5005,10,0.1,5,1000,0.061,5.269,75069.557
cycle,0.5,0.5005,10,0.1,6,1000,0.061,5.32,90080.861
cycle,0.5,0.5005,10,0.1,7,1000,0.064,5.32,105089.462
cycle,0.5,0.5005,10,0.1,8,1000,0.057,5.332,120100.652
cycle,0.5,0.5005,10,0.1,9,1000,0.057,5.335,135104.465
cycle,0.5,0.5005,10,0.1,10,1000,0.068,5.411,150116.438
cycle,0.5,0.5005,10,0.1,11,1000,0.062,5.379,165134.579
cycle,0.5,0.5005,10,0.1,12,1000,0.064,5.415,180139.328
cycle,0.5,0.5005,10,0.1,13,1000,0.064,5.364,195148.706
cycle,0.5,0.5005,10,0.1,14,1000,0.065,5.429,210161.261
cycle,0.5,0.5005,10,0.1,15,1000,0.069,5.422,225167.729
cycle,0.5,0.5005,10,0.1,16,1000,0.084,5.452,240177.254
cycle,0.5,0.5005,10,0.1,17,1000,0.085,5.466,255187.7
cycle,0.5,0.5005,10,0.1,18,1000,0.086,5.46,270199.202
cycle,0.5,0.5005,10,0.1,19,1000,0.089,5.537,285202.739
cycle,0.5,0.5005,10,0.1,20,1000,0.088,5.521,300216.554
cycle,0.5,0.5005,10,0.1,21,1000,0.087,5.52,315226.094
cycle,0.5,0.5005,10,0.1,22,1000,0.093,5.521,330234.461
cycle,0.5,0.5005,10,0.1,23,1000,0.088,5.538,345242.321
cycle,0.5,0.5005,10,0.1,24,1000,0.086,5.534,360252.518
cycle,0.5,0.5005,10,0.1,25,1000,0.088,5.583,375258.548
cycle,0.5,0.5005,10,0.1,26,1000,0.09,5.639,390271.565
cycle,0.5,0.5005,10,0.1,27,1000,0.095,5.611,405278.636
cycle,0.5,0.5005,10,0.1,28,1000,0.09,5.612,420291.467
cycle,0.5,0.5005,10,0.1,29,1000,0.082,5.621,435300.461
cycle,0.5,0.5005,10,0.1,30,1000,0.086,5.666,450311.048
cycle,0.5,0.5005,10,0.1,31,1000,0.08,5.638,465325.295
cycle,0.5,0.5005,10,0.1,32,1000,0.086,5.638,480330.122
cycle,0.5,0.5005,10,0.1,33,1000,0.086,5.638,495335.768
cycle,0.5,0.5005,10,0.1,34,1000,0.086,5.653,510338.783
cycle,0.5,0.5005,10,0.1,35,1000,0.087,5.65,525342.926
cycle,0.5,0.5005,10,0.1,36,1000,0.088,5.67,540350.474
cycle,0.5,0.5005,10,0.1,37,1000,0.088,5.652,555349.787
cycle,0.5,0.5005,10,0.1,38,1000,0.091,5.635,570358.55
cycle,0.5,0.5005,10,0.1,39,1000,0.092,5.633,585373.331
cycle,0.5,0.5005,10,0.1,40,1000,0.089,5.668,600377.333
cycle,0.5,0.5005,10,0.1,41,1000,0.086,5.68,615384.554
cycle,0.5,0.5005,10,0.1,42,1000,0.088,5.692,630388.214
cycle,0.5,0.5005,10,0.1,43,1000,0.08,5.683,645390.227
cycle,0.5,0.5005,10,0.1,44,1000,0.08,5.676,660401.873
cycle,0.5,0.5005,10,0.1,45,1000,0.084,5.652,675408.419
cycle,0.5,0.5005,10,0.1,46,1000,0.081,5.663,690414.896
cycle,0.5,0.5005,10,0.1,47,1000,0.084,5.688,705427.526
cycle,0.5,0.5005,10,0.1,48,1000,0.091,5.691,720434.681
cycle,0.5,0.5005,10,0.1,49,1000,0.083,5.687,735441.116
cycle,0.5,0.5005,10,0.1,50,1000,0.099,5.706,750442.082
cycle,0.5,0.5005,10,0.1,51,1000,0.102,5.719,765442.25
cycle,0.5,0.5005,10,0.1,52,1000,0.098,5.717,780450.494
cycle,0.5,0.5005,10,0.1,53,1000,0.094,5.687,795454.298
cycle,0.5,0.5005,10,0.1,54,1000,0.096,5.707,810464.036
cycle,0.5,0.5005,10,0.1,55,1000,0.102,5.712,825478.238
cycle,0.5,0.5005,10,0.1,56,1000,0.101,5.754,840484.157
cycle,0.5,0.5005,10,0.1,57,1000,0.098,5.718,855494.732
cycle,0.5,0.5005,10,0.1,58,1000,0.104,5.762,870507.737
cycle,0.5,0.5005,10,0.1,59,1000,0.103,5.742,885511.592
cycle,0.5,0.5005,10,0.1,60,1000,0.106,5.769,900519.515
cycle,0.5,0.5005,10,0.1,61,1000,0.109,5.784,915528.305
cycle,0.5,0.5005,10,0.1,62,1000,0.108,5.789,930537.116
cycle,0.5,0.5005,10,0.1,63,1000,0.105,5.79,945546.572
cycle,0.5,0.5005,10,0.1,64,1000,0.105,5.826,960547.688
cycle,0.5,0.5005,10,0.1,65,1000,0.113,5.832,975562.292
cycle,0.5,0.5005,10,0.1,66,1000,0.106,5.832,990569.945
cycle,0.5,0.5005,10,0.1,67,1000,0.106,5.855,1005580.676
cycle,0.5,0.5005,10,0.1,68,1000,0.108,5.861,1020585.122
cycle,0.5,0.5005,10,0.1,69,1000,0.107,5.868,1035598.412
cycle,0.5,0.5005,10,0.1,70,1000,0.112,5.887,1050601.964
cycle,0.5,0.5005,10,0.1,71,1000,0.111,5.921,1065616.733
cycle,0.5,0.5005,10,0.1,72,1000,0.107,5.921,1080635.009
cycle,0.5,0.5005,10,0.1,73,1000,0.111,5.908,1095641.513
cycle,0.5,0.5005,10,0.1,74,1000,0.111,5.913,1110648.716
cycle,0.5,0.5005,10,0.1,75,1000,0.108,5.94,1125656.222
cycle,0.5,0.5005,10,0.1,76,1000,0.111,5.952,1140667.862
cycle,0.5,0.5005,10,0.1,77,1000,0.108,5.944,1155683.945
cycle,0.5,0.5005,10,0.1,78,1000,0.108,5.936,1170689.318
cycle,0.5,0.5005,10,0.1,79,1000,0.107,5.933,1185691.154
cycle,0.5,0.5005,10,0.1,80,1000,0.109,5.947,1200705.653
cycle,0.5,0.5005,10,0.1,81,1000,0.107,5.92,1215711.044
cycle,0.5,0.5005,10,0.1,82,1000,0.112,5.934,1230724.319
cycle,0.5,0.5005,10,0.1,83,1000,0.108,5.934,1245732.908
cycle,0.5,0.5005,10,0.1,84,1000,0.104,5.949,1260741.239
cycle,0.5,0.5005,10,0.1,85,1000,0.11,5.98,1275747.674
cycle,0.5,0.5005,10,0.1,86,1000,0.111,5.987,1290764.516
cycle,0.5,0.5005,10,0.1,87,1000,0.108,5.976,1305781.775
cycle,0.5,0.5005,10,0.1,88,1000,0.111,5.994,1320791.642
cycle,0.5,0.5005,10,0.1,89,1000,0.114,6.001,1335801.782
cycle,0.5,0.5005,10,0.1,90,1000,0.113,5.996,1350808.235
cycle,0.5,0.5005,10,0.1,91,1000,0.113,6.003,1365812.042
cycle,0.5,0.5005,10,0.1,92,1000,0.112,6.027,1380821.651
cycle,0.5,0.5005,10,0.1,93,1000,0.117,6.061,1395835.055
cycle,0.5,0.5005,10,0.1,94,1000,0.114,6.037,1410850.085
cycle,0.5,0.5005,10,0.1,95,1000,0.112,6.022,1425851.189
cycle,0.5,0.5005,10,0.1,96,1000,0.11,6.024,1440862.223
cycle,0.5,0.5005,10,0.1,97,1000,0.115,5.994,1455871.472
cycle,0.5,0.5005,10,0.1,98,1000,0.117,6.031,1470888.065
cycle,0.5,0.5005,10,0.1,99,1000,0.115,6.013,1485899.0
cycle,0.5,0.5005,10,0.1,100,1000,0.113,5.998,1500910.298
wheel,0.5,0.5005,10,0.1,1,1000,0.093,5.072,23023.116
wheel,0.5,0.5005,10,0.1,2,1000,0.105,5.057,46031.516
wheel,0.5,0.5005,10,0.1,3,1000,0.119,5.112,69048.018
wheel,0.5,0.5005,10,0.1,4,1000,0.138,5.223,92061.19
wheel,0.5,0.5005,10,0.1,5,1000,0.145,5.254,115078.206
wheel,0.5,0.5005,10,0.1,6,1000,0.148,5.315,138091.732
wheel,0.5,0.5005,10,0.1,7,1000,0.162,5.311,161105.43
wheel,0.5,0.5005,10,0.1,8,1000,0.164,5.334,184105.85
wheel,0.5,0.5005,10,0.1,9,1000,0.158,5.386,207121.502
wheel,0.5,0.5005,10,0.1,10,1000,0.167,5.402,230133.304
wheel,0.5,0.5005,10,0.1,11,1000,0.17,5.421,253147.176
wheel,0.5,0.5005,10,0.1,12,1000,0.172,5.441,276173.598
wheel,0.5,0.5005,10,0.1,13,1000,0.183,5.517,299179.956
wheel,0.5,0.5005,10,0.1,14,1000,0.186,5.479,322182.826
wheel,0.5,0.5005,10,0.1,15,1000,0.177,5.495,345193.944
wheel,0.5,0.5005,10,0.1,16,1000,0.177,5.495,368191.762
wheel,0.5,0.5005,10,0.1,17,1000,0.179,5.473,391211.632
wheel,0.5,0.5005,10,0.1,18,1000,0.186,5.45,414218.992
wheel,0.5,0.5005,10,0.1,19,1000,0.184,5.442,437231.372
wheel,0.5,0.5005,10,0.1,20,1000,0.191,5.497,460244.116
wheel,0.5,0.5005,10,0.1,21,1000,0.181,5.518,483265.25
wheel,0.5,0.5005,10,0.1,22,1000,0.182,5.496,506279.99
wheel,0.5,0.5005,10,0.1,23,1000,0.179,5.538,529287.01
wheel,0.5,0.5005,10,0.1,24,1000,0.186,5.553,552292.654
wheel,0.5,0.5005,10,0.1,25,1000,0.187,5.513,575304.814
wheel,0.5,0.5005,10,0.1,26,1000,0.187,5.536,598331.194
wheel,0.5,0.5005,10,0.1,27,1000,0.187,5.519,621350.608
wheel,0.5,0.5005,10,0.1,28,1000,0.194,5.546,644344.776
wheel,0.5,0.5005,10,0.1,29,1000,0.184,5.584,667359.85
wheel,0.5,0.5005,10,0.1,30,1000,0.188,5.573,690382.736
wheel,0.5,0.5005,10,0.1,31,1000,0.187,5.585,713389.216
wheel,0.5,0.5005,10,0.1,32,1000,0.206,5.65,736405.146
wheel,0.5,0.5005,10,0.1,33,1000,0.206,5.676,759404.438
wheel,0.5,0.5005,10,0.1,34,1000,0.207,5.698,782397.542
wheel,0.5,0.5005,10,0.1,35,1000,0.201,5.689,805406.014
wheel,0.5,0.5005,10,0.1,36,1000,0.201,5.689,828426.462
wheel,0.5,0.5005,10,0.1,37,1000,0.205,5.671,851431.316
wheel,0.5,0.5005,10,0.1,38,1000,0.203,5.673,874449.556
wheel,0.5,0.5005,10,0.1,39,1000,0.198,5.673,897463.42
wheel,0.5,0.5005,10,0.1,40,1000,0.201,5.681,920486.946
wheel,0.5,0.5005,10,0.1,41,1000,0.197,5.678,943504.91
wheel,0.5,0.5005,10,0.1,42,1000,0.193,5.664,966516.552
wheel,0.5,0.5005,10,0.1,43,1000,0.192,5.681,989530.666
wheel,0.5,0.5005,10,0.1,44,1000,0.199,5.713,1012544.71
wheel,0.5,0.5005,10,0.1,45,1000,0.201,5.749,1035561.592
wheel,0.5,0.5005,10,0.1,46,1000,0.209,5.777,1058560.266
wheel,0.5,0.5005,10,0.1,47,1000,0.198,5.782,1081585.664
wheel,0.5,0.5005,10,0.1,48,1000,0.199,5.783,1104599.36
wheel,0.5,0.5005,10,0.1,49,1000,0.198,5.811,1127585.656
wheel,0.5,0.5005,10,0.1,50,1000,0.213,5.833,1150619.374
wheel,0.5,0.5005,10,0.1,51,1000,0.21,5.814,1173627.866
wheel,0.5,0.5005,10,0.1,52,1000,0.215,5.826,1196629.67
wheel,0.5,0.5005,10,0.1,53,1000,0.212,5.836,1219646.816
wheel,0.5,0.5005,10,0.1,54,1000,0.215,5.851,1242665.684
wheel,0.5,0.5005,10,0.1,55,1000,0.221,5.859,1265690.52
wheel,0.5,0.5005,10,0.1,56,1000,0.225,5.866,1288726.656
wheel,0.5,0.5005,10,0.1,57,1000,0.221,5.883,1311731.7
wheel,0.5,0.5005,10,0.1,58,1000,0.215,5.898,1334750.044
wheel,0.5,0.5005,10,0.1,59,1000,0.218,5.912,1357770.318
wheel,0.5,0.5005,10,0.1,60,1000,0.214,5.923,1380779.154
wheel,0.5,0.5005,10,0.1,61,1000,0.216,5.937,1403787.136
wheel,0.5,0.5005,10,0.1,62,1000,0.217,5.936,1426790.184
wheel,0.5,0.5005,10,0.1,63,1000,0.216,5.944,1449802.524
wheel,0.5,0.5005,10,0.1,64,1000,0.219,5.929,1472819.788
wheel,0.5,0.5005,10,0.1,65,1000,0.222,5.913,1495835.474
wheel,0.5,0.5005,10,0.1,66,1000,0.214,5.918,1518837.736
wheel,0.5,0.5005,10,0.1,67,1000,0.216,5.905,1541855.268
wheel,0.5,0.5005,10,0.1,68,1000,0.213,5.898,1564880.666
wheel,0.5,0.5005,10,0.1,69,1000,0.208,5.894,1587876.384
wheel,0.5,0.5005,10,0.1,70,1000,0.209,5.893,1610888.22
wheel,0.5,0.5005,10,0.1,71,1000,0.213,5.9,1633914.082
wheel,0.5,0.5005,10,0.1,72,1000,0.206,5.916,1656933.884
wheel,0.5,0.5005,10,0.1,73,1000,0.208,5.949,1679963.988
wheel,0.5,0.5005,10,0.1,74,1000,0.209,5.959,1702979.174
wheel,0.5,0.5005,10,0.1,75,1000,0.213,5.994,1726001.524
wheel,0.5,0.5005,10,0.1,76,1000,0.204,5.971,1749017.222
wheel,0.5,0.5005,10,0.1,77,1000,0.215,5.977,1772027.446
wheel,0.5,0.5005,10,0.1,78,1000,0.206,5.979,1795035.386
wheel,0.5,0.5005,10,0.1,79,1000,0.209,5.989,1818052.082
wheel,0.5,0.5005,10,0.1,80,1000,0.216,6.007,1841071.846
wheel,0.5,0.5005,10,0.1,81,1000,0.22,6.016,1864078.816
wheel,0.5,0.5005,10,0.1,82,1000,0.228,6.04,1887082.938
wheel,0.5,0.5005,10,0.1,83,1000,0.227,6.016,1910100.886
wheel,0.5,0.5005,10,0.1,84,1000,0.23,6.015,1933096.806
wheel,0.5,0.5005,10,0.1,85,1000,0.228,6.052,1956115.302
wheel,0.5,0.5005,10,0.1,86,1000,0.23,6.036,1979128.846
wheel,0.5,0.5005,10,0.1,87,1000,0.235,6.063,2002138.144
wheel,0.5,0.5005,10,0.1,88,1000,0.227,6.022,2025150.896
wheel,0.5,0.5005,10,0.1,89,1000,0.233,6.042,2048172.476
wheel,0.5,0.5005,10,0.1,90,1000,0.234,6.056,2071192.152
wheel,0.5,0.5005,10,0.1,91,1000,0.241,6.107,2094208.702
wheel,0.5,0.5005,10,0.1,92,1000,0.237,6.1,2117211.3
wheel,0.5,0.5005,10,0.1,93,1000,0.24,6.143,2140225.278
wheel,0.5,0.5005,10,0.1,94,1000,0.24,6.11,2163229.804
wheel,0.5,0.5005,10,0.1,95,1000,0.246,6.136,2186249.124
wheel,0.5,0.5005,10,0.1,96,1000,0.247,6.138,2209250.802
wheel,0.5,0.5005,10,0.1,97,1000,0.253,6.122,2232255.458
wheel,0.5,0.5005,10,0.1,98,1000,0.247,6.134,2255288.008
wheel,0.5,0.5005,10,0.1,99,1000,0.24,6.128,2278290.402
wheel,0.5,0.5005,10,0.1,100,1000,0.248,6.169,2301296.432
complete,0.5,0.501,10,0.1,1,1000,0.553,5.53,50051.61
complete,0.5,0.501,10,0.1,2,1000,0.567,5.67,100127.88
complete,0.5,0.501,10,0.1,3,1000,0.584,5.84,150194.83
complete,0.5,0.501,10,0.1,4,1000,0.59,5.9,200248.07
complete,0.5,0.501,10,0.1,5,1000,0.599,5.99,250297.88
complete,0.5,0.501,10,0.1,6,1000,0.606,6.06,300324.53
complete,0.5,0.501,10,0.1,7,1000,0.602,6.02,350358.61
complete,0.5,0.501,10,0.1,8,1000,0.612,6.12,400427.64
complete,0.5,0.501,10,0.1,9,1000,0.611,6.11,450462.07
complete,0.5,0.501,10,0.1,10,1000,0.623,6.23,500518.05
complete,0.5,0.501,10,0.1,11,1000,0.617,6.17,550581.34
complete,0.5,0.501,10,0.1,12,1000,0.623,6.23,600632.71
complete,0.5,0.501,10,0.1,13,1000,0.63,6.3,650661.28
complete,0.5,0.501,10,0.1,14,1000,0.642,6.42,700737.09
complete,0.5,0.501,10,0.1,15,1000,0.637,6.37,750761.81
complete,0.5,0.501,10,0.1,16,1000,0.637,6.37,800832.68
complete,0.5,0.501,10,0.1,17,1000,0.638,6.38,850893.01
complete,0.5,0.501,10,0.1,18,1000,0.648,6.48,900938.77
complete,0.5,0.501,10,0.1,19,1000,0.653,6.53,951025.23
complete,0.5,0.501,10,0.1,20,1000,0.647,6.47,1001058.61
complete,0.5,0.501,10,0.1,21,1000,0.648,6.48,1051141.03
complete,0.5,0.501,10,0.1,22,1000,0.659,6.59,1101200.2
complete,0.5,0.501,10,0.1,23,1000,0.654,6.54,1151256.58
complete,0.5,0.501,10,0.1,24,1000,0.653,6.53,1201271.26
complete,0.5,0.501,10,0.1,25,1000,0.654,6.54,1251332.72
complete,0.5,0.501,10,0.1,26,1000,0.662,6.62,1301376.96
complete,0.5,0.501,10,0.1,27,1000,0.674,6.74,1351440.35
complete,0.5,0.501,10,0.1,28,1000,0.675,6.75,1401493.94
complete,0.5,0.501,10,0.1,29,1000,0.684,6.84,1451551.91
complete,0.5,0.501,10,0.1,30,1000,0.682,6.82,1501630.96
complete,0.5,0.501,10,0.1,31,1000,0.696,6.96,1551687.62
complete,0.5,0.501,10,0.1,32,1000,0.678,6.78,1601759.02
complete,0.5,0.501,10,0.1,33,1000,0.685,6.85,1651814.64
complete,0.5,0.501,10,0.1,34,1000,0.688,6.88,1701859.84
complete,0.5,0.501,10,0.1,35,1000,0.698,6.98,1751911.27
complete,0.5,0.501,10,0.1,36,1000,0.707,7.07,1801980.15
complete,0.5,0.501,10,0.1,37,1000,0.693,6.93,1852039.3
complete,0.5,0.501,10,0.1,38,1000,0.695,6.95,1902084.81
complete,0.5,0.501,10,0.1,39,1000,0.692,6.92,1952140.85
complete,0.5,0.501,10,0.1,40,1000,0.694,6.94,2002197.28
complete,0.5,0.501,10,0.1,41,1000,0.697,6.97,2052244.76
complete,0.5,0.501,10,0.1,42,1000,0.699,6.99,2102312.17
complete,0.5,0.501,10,0.1,43,1000,0.701,7.01,2152368.89
complete,0.5,0.501,10,0.1,44,1000,0.711,7.11,2202474.07
complete,0.5,0.501,10,0.1,45,1000,0.712,7.12,2252549.63
complete,0.5,0.501,10,0.1,46,1000,0.711,7.11,2302601.69
complete,0.5,0.501,10,0.1,47,1000,0.714,7.14,2352642.64
complete,0.5,0.501,10,0.1,48,1000,0.725,7.25,2402708.39
complete,0.5,0.501,10,0.1,49,1000,0.721,7.21,2452768.09
complete,0.5,0.501,10,0.1,50,1000,0.717,7.17,2502818.91
complete,0.5,0.501,10,0.1,51,1000,0.721,7.21,2552889.83
complete,0.5,0.501,10,0.1,52,1000,0.736,7.36,2602945.92
complete,0.5,0.501,10,0.1,53,1000,0.735,7.35,2653024.86
complete,0.5,0.501,10,0.1,54,1000,0.74,7.4,2703077.29
complete,0.5,0.501,10,0.1,55,1000,0.736,7.36,2753139.4
complete,0.5,0.501,10,0.1,56,1000,0.734,7.34,2803193.99
complete,0.5,0.501,10,0.1,57,1000,0.736,7.36,2853243.97
complete,0.5,0.501,10,0.1,58,1000,0.735,7.35,2903320.71
complete,0.5,0.501,10,0.1,59,1000,0.734,7.34,2953410.42
complete,0.5,0.501,10,0.1,60,1000,0.735,7.35,3003488.65
complete,0.5,0.501,10,0.1,61,1000,0.737,7.37,3053582.63
complete,0.5,0.501,10,0.1,62,1000,0.743,7.43,3103657.1
complete,0.5,0.501,10,0.1,63,1000,0.734,7.34,3153744.88
complete,0.5,0.501,10,0.1,64,1000,0.736,7.36,3203819.86
complete,0.5,0.501,10,0.1,65,1000,0.738,7.38,3253865.07
complete,0.5,0.501,10,0.1,66,1000,0.738,7.38,3303959.21
complete,0.5,0.501,10,0.1,67,1000,0.75,7.5,3354053.46
complete,0.5,0.501,10,0.1,68,1000,0.746,7.46,3404090.54
complete,0.5,0.501,10,0.1,69,1000,0.749,7.49,3454149.79
complete,0.5,0.501,10,0.1,70,1000,0.753,7.53,3504231.02
complete,0.5,0.501,10,0.1,71,1000,0.754,7.54,3554273.77
complete,0.5,0.501,10,0.1,72,1000,0.754,7.54,3604324.65
complete,0.5,0.501,10,0.1,73,1000,0.759,7.59,3654387.58
complete,0.5,0.501,10,0.1,74,1000,0.759,7.59,3704466.15
complete,0.5,0.501,10,0.1,75,1000,0.754,7.54,3754558.34
complete,0.5,0.501,10,0.1,76,1000,0.759,7.59,3804633.48
complete,0.5,0.501,10,0.1,77,1000,0.762,7.62,3854736.02
complete,0.5,0.501,10,0.1,78,1000,0.763,7.63,3904786.37
complete,0.5,0.501,10,0.1,79,1000,0.776,7.76,3954858.0
complete,0.5,0.501,10,0.1,80,1000,0.768,7.68,4004941.87
complete,0.5,0.501,10,0.1,81,1000,0.762,7.62,4055009.44
complete,0.5,0.501,10,0.1,82,1000,0.768,7.68,4105084.4
complete,0.5,0.501,10,0.1,83,1000,0.774,7.74,4155162.35
complete,0.5,0.501,10,0.1,84,1000,0.775,7.75,4205234.38
complete,0.5,0.501,10,0.1,85,1000,0.777,7.77,4255317.76
complete,0.5,0.501,10,0.1,86,1000,0.784,7.84,4305403.49
complete,0.5,0.501,10,0.1,87,1000,0.778,7.78,4355495.78
complete,0.5,0.501,10,0.1,88,1000,0.781,7.81,4405568.99
complete,0.5,0.501,10,0.1,89,1000,0.784,7.84,4455653.9
complete,0.5,0.501,10,0.1,90,1000,0.784,7.84,4505752.59
complete,0.5,0.501,10,0.1,91,1000,0.778,7.78,4555838.75
complete,0.5,0.501,10,0.1,92,1000,0.782,7.82,4605902.51
complete,0.5,0.501,10,0.1,93,1000,0.784,7.84,4655954.67
complete,0.5,0.501,10,0.1,94,1000,0.779,7.79,4706028.48
complete,0.5,0.501,10,0.1,95,1000,0.785,7.85,4756092.53
complete,0.5,0.501,10,0.1,96,1000,0.782,7.82,4806136.91
complete,0.5,0.501,10,0.1,97,1000,0.785,7.85,4856191.06
complete,0.5,0.501,10,0.1,98,1000,0.78,7.8,4906276.12
complete,0.5,0.501,10,0.1,99,1000,0.784,7.84,4956349.39
complete,0.5,0.501,10,0.1,100,1000,0.783,7.83,5006432.03
cycle,0.5,0.501,10,0.1,1,1000,0.035,5.246,15032.438
cycle,0.5,0.501,10,0.1,2,1000,0.041,5.323,30052.046
cycle,0.5,0.501,10,0.1,3,1000,0.052,5.382,45067.898
cycle,0.5,0.501,10,0.1,4,1000,0.061,5.402,60079.673
cycle,0.5,0.501,10,0.1,5,1000,0.062,5.408,75095.219
cycle,0.5,0.501,10,0.1,6,1000,0.065,5.438,90112.031
cycle,0.5,0.501,10,0.1,7,1000,0.072,5.535,105131.627
cycle,0.5,0.501,10,0.1,8,1000,0.068,5.641,120149.732
cycle,0.5,0.501,10,0.1,9,1000,0.071,5.702,135165.722
cycle,0.5,0.501,10,0.1,10,1000,0.07,5.68,150180.422
cycle,0.5,0.501,10,0.1,11,1000,0.085,5.695,165198.932
cycle,0.5,0.501,10,0.1,12,1000,0.085,5.751,180221.039
cycle,0.5,0.501,10,0.1,13,1000,0.093,5.812,195241.205
cycle,0.5,0.501,10,0.1,14,1000,0.091,5.852,210260.078
cycle,0.5,0.501,10,0.1,15,1000,0.09,5.899,225268.994
cycle,0.5,0.501,10,0.1,16,1000,0.089,5.893,240280.568
cycle,0.5,0.501,10,0.1,17,1000,0.107,5.983,255291.914
cycle,0.5,0.501,10,0.1,18,1000,0.101,5.991,270307.163
cycle,0.5,0.501,10,0.1,19,1000,0.104,6.025,285327.098
cycle,0.5,0.501,10,0.1,20,1000,0.099,6.016,300341.528
cycle,0.5,0.501,10,0.1,21,1000,0.101,6.029,315362.567
cycle,0.5,0.501,10,0.1,22,1000,0.1,6.09,330382.124
cycle,0.5,0.501,10,0.1,23,1000,0.111,6.117,345401.444
cycle,0.5,0.501,10,0.1,24,1000,0.116,6.146,360423.098
cycle,0.5,0.501,10,0.1,25,1000,0.112,6.147,375435.56
cycle,0.5,0.501,10,0.1,26,1000,0.111,6.153,390454.16
cycle,0.5,0.501,10,0.1,27,1000,0.114,6.207,405465.638
cycle,0.5,0.501,10,0.1,28,1000,0.119,6.201,420489.029
cycle,0.5,0.501,10,0.1,29,1000,0.115,6.184,435517.616
cycle,0.5,0.501,10,0.1,30,1000,0.114,6.204,450540.344
cycle,0.5,0.501,10,0.1,31,1000,0.117,6.203,465567.719
cycle,0.5,0.501,10,0.1,32,1000,0.114,6.167,480582.122
cycle,0.5,0.501,10,0.1,33,1000,0.121,6.212,495594.905
cycle,0.5,0.501,10,0.1,34,1000,0.135,6.226,510610.034
cycle,0.5,0.501,10,0.1,35,1000,0.125,6.276,525629.732
cycle,0.5,0.501,10,0.1,36,1000,0.131,6.282,540650.54
cycle,0.5,0.501,10,0.1,37,1000,0.136,6.287,555675.176
cycle,0.5,0.501,10,0.1,38,1000,0.138,6.308,570692.345
cycle,0.5,0.501,10,0.1,39,1000,0.143,6.333,585707.786
cycle,0.5,0.501,10,0.1,40,1000,0.138,6.332,600727.556
cycle,0.5,0.501,10,0.1,41,1000,0.134,6.346,615745.925
cycle,0.5,0.501,10,0.1,42,1000,0.132,6.36,630763.169
cycle,0.5,0.501,10,0.1,43,1000,0.134,6.351,645776.519
cycle,0.5,0.501,10,0.1,44,1000,0.138,6.397,660790.775
cycle,0.5,0.501,10,0.1,45,1000,0.14,6.438,675799.922
cycle,0.5,0.501,10,0.1,46,1000,0.151,6.461,690819.365
cycle,0.5,0.501,10,0.1,47,1000,0.152,6.484,705826.805
cycle,0.5,0.501,10,0.1,48,1000,0.151,6.517,720844.322
cycle,0.5,0.501,10,0.1,49,1000,0.157,6.537,735869.885
cycle,0.5,0.501,10,0.1,50,1000,0.161,6.549,750892.724
cycle,0.5,0.501,10,0.1,51,1000,0.159,6.545,765905.225
cycle,0.5,0.501,10,0.1,52,1000,0.16,6.548,780926.615
cycle,0.5,0.501,10,0.1,53,1000,0.15,6.54,795947.867
cycle,0.5,0.501,10,0.1,54,1000,0.158,6.574,810968.384
cycle,0.5,0.501,10,0.1,55,1000,0.152,6.583,825986.897
cycle,0.5,0.501,10,0.1,56,1000,0.155,6.603,841011.95
cycle,0.5,0.501,10,0.1,57,1000,0.156,6.628,856027.721
cycle,0.5,0.501,10,0.1,58,1000,0.162,6.637,871054.349
cycle,0.5,0.501,10,0.1,59,1000,0.167,6.633,886072.871
cycle,0.5,0.501,10,0.1,60,1000,0.16,6.646,901087.202
cycle,0.5,0.501,10,0.1,61,1000,0.166,6.649,916100.147
cycle,0.5,0.501,10,0.1,62,1000,0.166,6.696,931123.172
cycle,0.5,0.501,10,0.1,63,1000,0.165,6.699,946138.949
cycle,0.5,0.501,10,0.1,64,1000,0.163,6.708,961154.192
cycle,0.5,0.501,10,0.1,65,1000,0.163,6.71,976174.37
cycle,0.5,0.501,10,0.1,66,1000,0.165,6.714,991195.091
cycle,0.5,0.501,10,0.1,67,1000,0.164,6.709,1006214.231
cycle,0.5,0.501,10,0.1,68,1000,0.174,6.732,1021237.301
cycle,0.5,0.501,10,0.1,69,1000,0.177,6.729,1036259.417
cycle,0.5,0.501,10,0.1,70,1000,0.175,6.722,1051276.136
cycle,0.5,0.501,10,0.1,71,1000,0.176,6.735,1066296.692
cycle,0.5,0.501,10,0.1,72,1000,0.174,6.72,1081318.589
cycle,0.5,0.501,10,0.1,73,1000,0.175,6.736,1096340.609
cycle,0.5,0.501,10,0.1,74,1000,0.188,6.78,1111356.5
cycle,0.5,0.501,10,0.1,75,1000,0.182,6.816,1126383.269
cycle,0.5,0.501,10,0.1,76,1000,0.18,6.824,1141409.654
cycle,0.5,0.501,10,0.1,77,1000,0.182,6.849,1156430.558
cycle,0.5,0.501,10,0.1,78,1000,0.178,6.836,1171445.234
cycle,0.5,0.501,10,0.1,79,1000,0.182,6.856,1186456.538
cycle,0.5,0.501,10,0.1,80,1000,0.187,6.884,1201474.883
cycle,0.5,0.501,10,0.1,81,1000,0.181,6.87,1216502.507
cycle,0.5,0.501,10,0.1,82,1000,0.184,6.871,1231518.983
cycle,0.5,0.501,10,0.1,83,1000,0.178,6.872,1246540.871
cycle,0.5,0.501,10,0.1,84,1000,0.184,6.871,1261554.698
cycle,0.5,0.501,10,0.1,85,1000,0.175,6.882,1276575.794
cycle,0.5,0.501,10,0.1,86,1000,0.173,6.893,1291594.988
cycle,0.5,0.501,10,0.1,87,1000,0.178,6.912,1306614.461
cycle,0.5,0.501,10,0.1,88,1000,0.177,6.905,1321633.805
cycle,0.5,0.501,10,0.1,89,1000,0.181,6.898,1336655.009
cycle,0.5,0.501,10,0.1,90,1000,0.181,6.9,1351679.942
cycle,0.5,0.501,10,0.1,91,1000,0.184,6.909,1366705.649
cycle,0.5,0.501,10,0.1,92,1000,0.191,6.96,1381724.675
cycle,0.5,0.501,10,0.1,93,1000,0.183,6.973,1396743.347
cycle,0.5,0.501,10,0.1,94,1000,0.186,7.002,1411764.365
cycle,0.5,0.501,10,0.1,95,1000,0.192,7.009,1426785.44
cycle,0.5,0.501,10,0.1,96,1000,0.194,7.049,1441816.652
cycle,0.5,0.501,10,0.1,97,1000,0.194,7.023,1456845.92
cycle,0.5,0.501,10,0.1,98,1000,0.193,7.063,1471862.606
cycle,0.5,0.501,10,0.1,99,1000,0.194,7.067,1486879.538
cycle,0.5,0.501,10,0.1,100,1000,0.195,7.127,1501896.092
wheel,0.5,0.501,10,0.1,1,1000,0.093,5.054,23043.818
wheel,0.5,0.501,10,0.1,2,1000,0.106,5.228,46068.358
wheel,0.5,0.501,10,0.1,3,1000,0.122,5.332,69086.626
wheel,0.5,0.501,10,0.1,4,1000,0.127,5.332,92102.446
wheel,0.5,0.501,10,0.1,5,1000,0.147,5.382,115140.318
wheel,0.5,0.501,10,0.1,6,1000,0.14,5.437,138169.596
wheel,0.5,0.501,10,0.1,7,1000,0.153,5.483,161196.176
wheel,0.5,0.501,10,0.1,8,1000,0.157,5.454,184214.29
wheel,0.5,0.501,10,0.1,9,1000,0.153,5.518,207249.394
wheel,0.5,0.501,10,0.1,10,1000,0.165,5.573,230263.618
wheel,0.5,0.501,10,0.1,11,1000,0.166,5.591,253287.582
wheel,0.5,0.501,10,0.1,12,1000,0.167,5.634,276309.684
wheel,0.5,0.501,10,0.1,13,1000,0.171,5.657,299339.14
wheel,0.5,0.501,10,0.1,14,1000,0.162,5.722,322347.274
wheel,0.5,0.501,10,0.1,15,1000,0.183,5.804,345384.164
wheel,0.5,0.501,10,0.1,16,1000,0.177,5.82,368411.53
wheel,0.5,0.501,10,0.1,17,1000,0.176,5.879,391436.004
wheel,0.5,0.501,10,0.1,18,1000,0.187,5.894,414471.364
wheel,0.5,0.501,10,0.1,19,1000,0.192,5.936,437499.814
wheel,0.5,0.501,10,0.1,20,1000,0.197,5.933,460538.282
wheel,0.5,0.501,10,0.1,21,1000,0.188,5.902,483568.358
wheel,0.5,0.501,10,0.1,22,1000,0.21,5.989,506591.108
wheel,0.5,0.501,10,0.1,23,1000,0.201,6.011,529618.244
wheel,0.5,0.501,10,0.1,24,1000,0.199,6.046,552649.298
wheel,0.5,0.501,10,0.1,25,1000,0.204,6.059,575686.29
wheel,0.5,0.501,10,0.1,26,1000,0.206,6.055,598716.872
wheel,0.5,0.501,10,0.1,27,1000,0.197,6.111,621751.544
wheel,0.5,0.501,10,0.1,28,1000,0.215,6.208,644773.146
wheel,0.5,0.501,10,0.1,29,1000,0.205,6.175,667793.57
wheel,0.5,0.501,10,0.1,30,1000,0.218,6.228,690812.062
wheel,0.5,0.501,10,0.1,31,1000,0.211,6.219,713846.036
wheel,0.5,0.501,10,0.1,32,1000,0.222,6.232,736883.356
wheel,0.5,0.501,10,0.1,33,1000,0.216,6.257,759902.458
wheel,0.5,0.501,10,0.1,34,1000,0.214,6.246,782922.608
wheel,0.5,0.501,10,0.1,35,1000,0.215,6.26,805943.74
wheel,0.5,0.501,10,0.1,36,1000,0.219,6.268,828971.652
wheel,0.5,0.501,10,0.1,37,1000,0.215,6.291,851997.898
wheel,0.5,0.501,10,0.1,38,1000,0.221,6.313,875024.902
wheel,0.5,0.501,10,0.1,39,1000,0.222,6.326,898056.582
wheel,0.5,0.501,10,0.1,40,1000,0.228,6.401,921076.792
wheel,0.5,0.501,10,0.1,41,1000,0.241,6.451,944106.808
wheel,0.5,0.501,10,0.1,42,1000,0.252,6.511,967134.986
wheel,0.5,0.501,10,0.1,43,1000,0.247,6.5,990164.158
wheel,0.5,0.501,10,0.1,44,1000,0.239,6.504,1013182.378
wheel,0.5,0.501,10,0.1,45,1000,0.242,6.545,1036219.468
wheel,0.5,0.501,10,0.1,46,1000,0.251,6.592,1059262.596
wheel,0.5,0.501,10,0.1,47,1000,0.249,6.611,1082305.734
wheel,0.5,0.501,10,0.1,48,1000,0.268,6.62,1105308.058
wheel,0.5,0.501,10,0.1,49,1000,0.267,6.674,1128343.172
wheel,0.5,0.501,10,0.1,50,1000,0.259,6.687,1151397.322
wheel,0.5,0.501,10,0.1,51,1000,0.262,6.738,1174425.814
wheel,0.5,0.501,10,0.1,52,1000,0.258,6.705,1197466.546
wheel,0.5,0.501,10,0.1,53,1000,0.272,6.745,1220500.506
wheel,0.5,0.501,10,0.1,54,1000,0.269,6.765,1243514.906
wheel,0.5,0.501,10,0.1,55,1000,0.281,6.774,1266549.01
wheel,0.5,0.501,10,0.1,56,1000,0.273,6.742,1289580.484
wheel,0.5,0.501,10,0.1,57,1000,0.272,6.761,1312610.734
wheel,0.5,0.501,10,0.1,58,1000,0.281,6.786,1335641.15
wheel,0.5,0.501,10,0.1,59,1000,0.283,6.797,1358669.908
wheel,0.5,0.501,10,0.1,60,1000,0.276,6.812,1381692.174
wheel,0.5,0.501,10,0.1,61,1000,0.295,6.856,1404722.052
wheel,0.5,0.501,10,0.1,62,1000,0.298,6.884,1427755.99
wheel,0.5,0.501,10,0.1,63,1000,0.301,6.895,1450784.136
wheel,0.5,0.501,10,0.1,64,1000,0.29,6.915,1473837.326
wheel,0.5,0.501,10,0.1,65,1000,0.294,6.92,1496850.042
wheel,0.5,0.501,10,0.1,66,1000,0.295,6.97,1519886.014
wheel,0.5,0.501,10,0.1,67,1000,0.307,6.986,1542919.548
wheel,0.5,0.501,10,0.1,68,1000,0.313,7.044,1565945.906
wheel,0.5,0.501,10,0.1,69,1000,0.31,7.03,1588977.372
wheel,0.5,0.501,10,0.1,70,1000,0.314,7.014,1612025.59
wheel,0.5,0.501,10,0.1,71,1000,0.315,7.021,1635058.914
wheel,0.5,0.501,10,0.1,72,1000,0.322,7.054,1658076.762
wheel,0.5,0.501,10,0.1,73,1000,0.314,7.046,1681100.324
wheel,0.5,0.501,10,0.1,74,1000,0.323,7.088,1704130.98
wheel,0.5,0.501,10,0.1,75,1000,0.325,7.095,1727163.53
wheel,0.5,0.501,10,0.1,76,1000,0.341,7.127,1750194.286
wheel,0.5,0.501,10,0.1,77,1000,0.34,7.138,1773230.706
wheel,0.5,0.501,10,0.1,78,1000,0.328,7.164,1796262.23
wheel,0.5,0.501,10,0.1,79,1000,0.329,7.173,1819271.982
wheel,0.5,0.501,10,0.1,80,1000,0.323,7.181,1842304.992
wheel,0.5,0.501,10,0.1,81,1000,0.333,7.207,1865349.648
wheel,0.5,0.501,10,0.1,82,1000,0.328,7.194,1888378.68
wheel,0.5,0.501,10,0.1,83,1000,0.33,7.201,1911409.052
wheel,0.5,0.501,10,0.1,84,1000,0.328,7.216,1934437.128
wheel,0.5,0.501,10,0.1,85,1000,0.326,7.232,1957468.024
wheel,0.5,0.501,10,0.1,86,1000,0.332,7.251,1980507.0
wheel,0.5,0.501,10,0.1,87,1000,0.334,7.27,2003547.566
wheel,0.5,0.501,10,0.1,88,1000,0.334,7.286,2026569.348
wheel,0.5,0.501,10,0.1,89,1000,0.343,7.293,2049604.674
wheel,0.5,0.501,10,0.1,90,1000,0.347,7.296,2072652.978
wheel,0.5,0.501,10,0.1,91,1000,0.349,7.314,2095688.798
wheel,0.5,0.501,10,0.1,92,1000,0.357,7.351,2118727.274
wheel,0.5,0.501,10,0.1,93,1000,0.348,7.354,2141769.574
wheel,0.5,0.501,10,0.1,94,1000,0.344,7.374,2164796.712
wheel,0.5,0.501,10,0.1,95,1000,0.342,7.367,2187844.898
wheel,0.5,0.501,10,0.1,96,1000,0.349,7.377,2210880.27
wheel,0.5,0.501,10,0.1,97,1000,0.346,7.394,2233911.886
wheel,0.5,0.501,10,0.1,98,1000,0.35,7.41,2256937.544
wheel,0.5,0.501,10,0.1,99,1000,0.35,7.422,2279983.016
wheel,0.5,0.501,10,0.1,100,1000,0.355,7.456,2303007.8
complete,0.5,0.502,10,0.1,1,1000,0.562,5.62,50113.4
complete,0.5,0.502,10,0.1,2,1000,0.596,5.96,100242.02
complete,0.5,0.502,10,0.1,3,1000,0.599,5.99,150348.84
complete,0.5,0.502,10,0.1,4,1000,0.613,6.13,200460.55
complete,0.5,0.502,10,0.1,5,1000,0.617,6.17,250593.9
complete,0.5,0.502,10,0.1,6,1000,0.634,6.34,300718.37
complete,0.5,0.502,10,0.1,7,1000,0.637,6.37,350828.2
complete,0.5,0.502,10,0.1,8,1000,0.657,6.57,400952.87
complete,0.5,0.502,10,0.1,9,1000,0.65,6.5,451094.5
complete,0.5,0.502,10,0.1,10,1000,0.667,6.67,501201.97
complete,0.5,0.502,10,0.1,11,1000,0.681,6.81,551334.48
complete,0.5,0.502,10,0.1,12,1000,0.685,6.85,601453.52
complete,0.5,0.502,10,0.1,13,1000,0.691,6.91,651554.02
complete,0.5,0.502,10,0.1,14,1000,0.698,6.98,701704.61
complete,0.5,0.502,10,0.1,15,1000,0.705,7.05,751840.33
complete,0.5,0.502,10,0.1,16,1000,0.718,7.18,801994.84
complete,0.5,0.502,10,0.1,17,1000,0.723,7.23,852123.08
complete,0.5,0.502,10,0.1,18,1000,0.731,7.31,902288.14
complete,0.5,0.502,10,0.1,19,1000,0.734,7.34,952435.37
complete,0.5,0.502,10,0.1,20,1000,0.75,7.5,1002587.66
complete,0.5,0.502,10,0.1,21,1000,0.756,7.56,1052724.67
complete,0.5,0.502,10,0.1,22,1000,0.761,7.61,1102878.07
complete,0.5,0.502,10,0.1,23,1000,0.763,7.63,1153042.85
complete,0.5,0.502,10,0.1,24,1000,0.765,7.65,1203172.65
complete,0.5,0.502,10,0.1,25,1000,0.763,7.63,1253305.9
complete,0.5,0.502,10,0.1,26,1000,0.773,7.73,1303436.83
complete,0.5,0.502,10,0.1,27,1000,0.781,7.81,1353586.66
complete,0.5,0.502,10,0.1,28,1000,0.789,7.89,1403763.03
complete,0.5,0.502,10,0.1,29,1000,0.796,7.96,1453899.56
complete,0.5,0.502,10,0.1,30,1000,0.8,8.0,1504067.3
complete,0.5,0.502,10,0.1,31,1000,0.805,8.05,1554198.29
complete,0.5,0.502,10,0.1,32,1000,0.809,8.09,1604354.58
complete,0.5,0.502,10,0.1,33,1000,0.809,8.09,1654503.96
complete,0.5,0.502,10,0.1,34,1000,0.818,8.18,1704643.47
complete,0.5,0.502,10,0.1,35,1000,0.824,8.24,1754798.38
complete,0.5,0.502,10,0.1,36,1000,0.824,8.24,1804948.57
complete,0.5,0.502,10,0.1,37,1000,0.828,8.28,1855118.49
complete,0.5,0.502,10,0.1,38,1000,0.831,8.31,1905312.96
complete,0.5,0.502,10,0.1,39,1000,0.83,8.3,1955452.25
complete,0.5,0.502,10,0.1,40,1000,0.833,8.33,2005603.16
complete,0.5,0.502,10,0.1,41,1000,0.849,8.49,2055709.39
complete,0.5,0.502,10,0.1,42,1000,0.844,8.44,2105821.23
complete,0.5,0.502,10,0.1,43,1000,0.849,8.49,2155992.12
complete,0.5,0.502,10,0.1,44,1000,0.846,8.46,2206138.53
complete,0.5,0.502,10,0.1,45,1000,0.849,8.49,2256287.06
complete,0.5,0.502,10,0.1,46,1000,0.848,8.48,2306461.25
complete,0.5,0.502,10,0.1,47,1000,0.849,8.49,2356623.75
complete,0.5,0.502,10,0.1,48,1000,0.856,8.56,2406789.78
complete,0.5,0.502,10,0.1,49,1000,0.862,8.62,2456920.1
complete,0.5,0.502,10,0.1,50,1000,0.861,8.61,2507066.94
complete,0.5,0.502,10,0.1,51,1000,0.863,8.63,2557242.61
complete,0.5,0.502,10,0.1,52,1000,0.865,8.65,2607394.94
complete,0.5,0.502,10,0.1,53,1000,0.866,8.66,2657546.43
complete,0.5,0.502,10,0.1,54,1000,0.865,8.65,2707697.94
complete,0.5,0.502,10,0.1,55,1000,0.867,8.67,2757849.18
complete,0.5,0.502,10,0.1,56,1000,0.872,8.72,2808025.39
complete,0.5,0.502,10,0.1,57,1000,0.878,8.78,2858196.52
complete,0.5,0.502,10,0.1,58,1000,0.877,8.77,2908344.76
complete,0.5,0.502,10,0.1,59,1000,0.874,8.74,2958528.25
complete,0.5,0.502,10,0.1,60,1000,0.88,8.8,3008692.1
complete,0.5,0.502,10,0.1,61,1000,0.886,8.86,3058850.84
complete,0.5,0.502,10,0.1,62,1000,0.884,8.84,3109013.82
complete,0.5,0.502,10,0.1,63,1000,0.882,8.82,3159167.55
complete,0.5,0.502,10,0.1,64,1000,0.882,8.82,3209343.17
complete,0.5,0.502,10,0.1,65,1000,0.883,8.83,3259518.8
complete,0.5,0.502,10,0.1,66,1000,0.88,8.8,3309684.12
complete,0.5,0.502,10,0.1,67,1000,0.887,8.87,3359846.89
complete,0.5,0.502,10,0.1,68,1000,0.883,8.83,3410011.61
complete,0.5,0.502,10,0.1,69,1000,0.885,8.85,3460172.39
complete,0.5,0.502,10,0.1,70,1000,0.887,8.87,3510312.23
complete,0.5,0.502,10,0.1,71,1000,0.89,8.9,3560481.43
complete,0.5,0.502,10,0.1,72,1000,0.894,8.94,3610656.63
complete,0.5,0.502,10,0.1,73,1000,0.9,9.0,3660818.96
complete,0.5,0.502,10,0.1,74,1000,0.895,8.95,3710949.11
complete,0.5,0.502,10,0.1,75,1000,0.897,8.97,3761108.06
complete,0.5,0.502,10,0.1,76,1000,0.895,8.95,3811258.67
complete,0.5,0.502,10,0.1,77,1000,0.903,9.03,3861410.87
complete,0.5,0.502,10,0.1,78,1000,0.903,9.03,3911593.26
complete,0.5,0.502,10,0.1,79,1000,0.904,9.04,3961765.04
complete,0.5,0.502,10,0.1,80,1000,0.906,9.06,4011946.01
complete,0.5,0.502,10,0.1,81,1000,0.909,9.09,4062112.65
complete,0.5,0.502,10,0.1,82,1000,0.91,9.1,4112292.95
complete,0.5,0.502,10,0.1,83,1000,0.912,9.12,4162456.41
complete,0.5,0.502,10,0.1,84,1000,0.911,9.11,4212625.5
complete,0.5,0.502,10,0.1,85,1000,0.917,9.17,4262794.24
complete,0.5,0.502,10,0.1,86,1000,0.921,9.21,4312965.71
complete,0.5,0.502,10,0.1,87,1000,0.919,9.19,4363117.08
complete,0.5,0.502,10,0.1,88,1000,0.923,9.23,4413284.81
complete,0.5,0.502,10,0.1,89,1000,0.92,9.2,4463467.77
complete,0.5,0.502,10,0.1,90,1000,0.924,9.24,4513636.1
complete,0.5,0.502,10,0.1,91,1000,0.925,9.25,4563792.89
complete,0.5,0.502,10,0.1,92,1000,0.924,9.24,4613947.13
complete,0.5,0.502,10,0.1,93,1000,0.924,9.24,4664134.79
complete,0.5,0.502,10,0.1,94,1000,0.926,9.26,4714310.02
complete,0.5,0.502,10,0.1,95,1000,0.925,9.25,4764481.61
complete,0.5,0.502,10,0.1,96,1000,0.926,9.26,4814659.78
complete,0.5,0.502,10,0.1,97,1000,0.93,9.3,4864797.59
complete,0.5,0.502,10,0.1,98,1000,0.929,9.29,4914926.06
complete,0.5,0.502,10,0.1,99,1000,0.93,9.3,4965093.49
complete,0.5,0.502,10,0.1,100,1000,0.935,9.35,5015234.48
cycle,0.5,0.502,10,0.1,1,1000,0.047,5.473,15052.415
cycle,0.5,0.502,10,0.1,2,1000,0.054,5.589,30091.019
cycle,0.5,0.502,10,0.1,3,1000,0.059,5.726,45120.395
cycle,0.5,0.502,10,0.1,4,1000,0.077,5.887,60153.869
cycle,0.5,0.502,10,0.1,5,1000,0.085,6.017,75185.831
cycle,0.5,0.502,10,0.1,6,1000,0.087,6.01,90217.052
cycle,0.5,0.502,10,0.1,7,1000,0.092,6.079,105259.181
cycle,0.5,0.502,10,0.1,8,1000,0.095,6.174,120299.567
cycle,0.5,0.502,10,0.1,9,1000,0.105,6.287,135334.082
cycle,0.5,0.502,10,0.1,10,1000,0.115,6.343,150368.867
cycle,0.5,0.502,10,0.1,11,1000,0.124,6.456,165413.165
cycle,0.5,0.502,10,0.1,12,1000,0.125,6.494,180446.294
cycle,0.5,0.502,10,0.1,13,1000,0.132,6.577,195484.679
cycle,0.5,0.502,10,0.1,14,1000,0.133,6.594,210525.038
cycle,0.5,0.502,10,0.1,15,1000,0.133,6.681,225568.4
cycle,0.5,0.502,10,0.1,16,1000,0.138,6.672,240605.597
cycle,0.5,0.502,10,0.1,17,1000,0.152,6.719,255637.196
cycle,0.5,0.502,10,0.1,18,1000,0.15,6.768,270669.314
cycle,0.5,0.502,10,0.1,19,1000,0.166,6.845,285704.723
cycle,0.5,0.502,10,0.1,20,1000,0.165,6.875,300749.555
cycle,0.5,0.502,10,0.1,21,1000,0.174,6.939,315792.89
cycle,0.5,0.502,10,0.1,22,1000,0.181,6.958,330828.98
cycle,0.5,0.502,10,0.1,23,1000,0.186,6.992,345866.705
cycle,0.5,0.502,10,0.1,24,1000,0.188,7.052,360902.567
cycle,0.5,0.502,10,0.1,25,1000,0.186,7.054,375933.566
cycle,0.5,0.502,10,0.1,26,1000,0.186,7.1,390976.274
cycle,0.5,0.502,10,0.1,27,1000,0.194,7.133,406010.978
cycle,0.5,0.502,10,0.1,28,1000,0.195,7.166,421051.724
cycle,0.5,0.502,10,0.1,29,1000,0.201,7.214,436085.75
cycle,0.5,0.502,10,0.1,30,1000,0.199,7.241,451127.441
cycle,0.5,0.502,10,0.1,31,1000,0.21,7.3,466169.903
cycle,0.5,0.502,10,0.1,32,1000,0.212,7.339,481210.811
cycle,0.5,0.502,10,0.1,33,1000,0.217,7.349,496253.111
cycle,0.5,0.502,10,0.1,34,1000,0.236,7.408,511292.174
cycle,0.5,0.502,10,0.1,35,1000,0.239,7.468,526334.726
cycle,0.5,0.502,10,0.1,36,1000,0.241,7.469,541381.046
cycle,0.5,0.502,10,0.1,37,1000,0.244,7.525,556430.813
cycle,0.5,0.502,10,0.1,38,1000,0.248,7.524,571476.188
cycle,0.5,0.502,10,0.1,39,1000,0.25,7.596,586518.233
cycle,0.5,0.502,10,0.1,40,1000,0.265,7.623,601558.871
cycle,0.5,0.502,10,0.1,41,1000,0.267,7.646,616601.516
cycle,0.5,0.502,10,0.1,42,1000,0.267,7.668,631644.695
cycle,0.5,0.502,10,0.1,43,1000,0.261,7.682,646682.426
cycle,0.5,0.502,10,0.1,44,1000,0.272,7.731,661729.613
cycle,0.5,0.502,10,0.1,45,1000,0.279,7.725,676778.102
cycle,0.5,0.502,10,0.1,46,1000,0.284,7.757,691825.673
cycle,0.5,0.502,10,0.1,47,1000,0.28,7.762,706870.595
cycle,0.5,0.502,10,0.1,48,1000,0.287,7.776,721915.172
cycle,0.5,0.502,10,0.1,49,1000,0.287,7.792,736958.138
cycle,0.5,0.502,10,0.1,50,1000,0.294,7.803,752010.446
cycle,0.5,0.502,10,0.1,51,1000,0.293,7.838,767047.292
cycle,0.5,0.502,10,0.1,52,1000,0.304,7.848,782092.478
cycle,0.5,0.502,10,0.1,53,1000,0.309,7.891,797132.909
cycle,0.5,0.502,10,0.1,54,1000,0.32,7.919,812182.859
cycle,0.5,0.502,10,0.1,55,1000,0.318,7.915,827228.627
cycle,0.5,0.502,10,0.1,56,1000,0.31,7.944,842279.966
cycle,0.5,0.502,10,0.1,57,1000,0.306,7.957,857324.462
cycle,0.5,0.502,10,0.1,58,1000,0.312,7.979,872377.166
cycle,0.5,0.502,10,0.1,59,1000,0.306,7.985,887414.549
cycle,0.5,0.502,10,0.1,60,1000,0.324,8.003,902455.409
cycle,0.5,0.502,10,0.1,61,1000,0.333,8.02,917510.216
cycle,0.5,0.502,10,0.1,62,1000,0.335,8.049,932558.45
cycle,0.5,0.502,10,0.1,63,1000,0.331,8.039,947593.277
cycle,0.5,0.502,10,0.1,64,1000,0.338,8.044,962639.099
cycle,0.5,0.502,10,0.1,65,1000,0.341,8.081,977679.143
cycle,0.5,0.502,10,0.1,66,1000,0.343,8.094,992730.671
cycle,0.5,0.502,10,0.1,67,1000,0.347,8.136,1007781.524
cycle,0.5,0.502,10,0.1,68,1000,0.348,8.118,1022834.363
cycle,0.5,0.502,10,0.1,69,1000,0.357,8.148,1037877.629
cycle,0.5,0.502,10,0.1,70,1000,0.35,8.171,1052928.14
cycle,0.5,0.502,10,0.1,71,1000,0.366,8.192,1067962.163
cycle,0.5,0.502,10,0.1,72,1000,0.365,8.225,1083003.479
cycle,0.5,0.502,10,0.1,73,1000,0.368,8.225,1098045.26
cycle,0.5,0.502,10,0.1,74,1000,0.368,8.23,1113091.307
cycle,0.5,0.502,10,0.1,75,1000,0.367,8.267,1128134.51
cycle,0.5,0.502,10,0.1,76,1000,0.378,8.295,1143172.811
cycle,0.5,0.502,10,0.1,77,1000,0.381,8.304,1158221.978
cycle,0.5,0.502,10,0.1,78,1000,0.372,8.301,1173269.645
cycle,0.5,0.502,10,0.1,79,1000,0.367,8.322,1188311.93
cycle,0.5,0.502,10,0.1,80,1000,0.377,8.326,1203356.132
cycle,0.5,0.502,10,0.1,81,1000,0.381,8.329,1218404.513
cycle,0.5,0.502,10,0.1,82,1000,0.379,8.337,1233451.091
cycle,0.5,0.502,10,0.1,83,1000,0.385,8.357,1248492.68
cycle,0.5,0.502,10,0.1,84,1000,0.392,8.375,1263537.617
cycle,0.5,0.502,10,0.1,85,1000,0.399,8.384,1278581.825
cycle,0.5,0.502,10,0.1,86,1000,0.402,8.397,1293625.931
cycle,0.5,0.502,10,0.1,87,1000,0.402,8.418,1308661.973
cycle,0.5,0.502,10,0.1,88,1000,0.405,8.428,1323699.764
cycle,0.5,0.502,10,0.1,89,1000,0.406,8.44,1338750.812
cycle,0.5,0.502,10,0.1,90,1000,0.405,8.47,1353803.414
cycle,0.5,0.502,10,0.1,91,1000,0.398,8.456,1368846.995
cycle,0.5,0.502,10,0.1,92,1000,0.417,8.485,1383892.319
cycle,0.5,0.502,10,0.1,93,1000,0.415,8.49,1398932.777
cycle,0.5,0.502,10,0.1,94,1000,0.42,8.499,1413978.389
cycle,0.5,0.502,10,0.1,95,1000,0.428,8.527,1429028.054
cycle,0.5,0.502,10,0.1,96,1000,0.437,8.528,1444082.048
cycle,0.5,0.502,10,0.1,97,1000,0.437,8.56,1459136.354
cycle,0.5,0.502,10,0.1,98,1000,0.44,8.553,1474180.784
cycle,0.5,0.502,10,0.1,99,1000,0.44,8.547,1489225.283
cycle,0.5,0.502,10,0.1,100,1000,0.433,8.534,1504272.152
wheel,0.5,0.502,10,0.1,1,1000,0.119,5.459,23065.97
wheel,0.5,0.502,10,0.1,2,1000,0.129,5.703,46121.616
wheel,0.5,0.502,10,0.1,3,1000,0.164,5.878,69167.696
wheel,0.5,0.502,10,0.1,4,1000,0.176,5.974,92221.298
wheel,0.5,0.502,10,0.1,5,1000,0.198,6.178,115274.97
wheel,0.5,0.502,10,0.1,6,1000,0.21,6.321,138323.376
wheel,0.5,0.502,10,0.1,7,1000,0.229,6.386,161370.272
wheel,0.5,0.502,10,0.1,8,1000,0.231,6.489,184421.996
wheel,0.5,0.502,10,0.1,9,1000,0.235,6.526,207472.96
wheel,0.5,0.502,10,0.1,10,1000,0.242,6.605,230529.468
wheel,0.5,0.502,10,0.1,11,1000,0.252,6.686,253576.846
wheel,0.5,0.502,10,0.1,12,1000,0.261,6.687,276624.918
wheel,0.5,0.502,10,0.1,13,1000,0.27,6.77,299691.456
wheel,0.5,0.502,10,0.1,14,1000,0.281,6.881,322753.24
wheel,0.5,0.502,10,0.1,15,1000,0.282,6.965,345801.026
wheel,0.5,0.502,10,0.1,16,1000,0.292,7.026,368882.168
wheel,0.5,0.502,10,0.1,17,1000,0.291,7.08,391942.372
wheel,0.5,0.502,10,0.1,18,1000,0.295,7.138,415007.638
wheel,0.5,0.502,10,0.1,19,1000,0.316,7.212,438072.352
wheel,0.5,0.502,10,0.1,20,1000,0.306,7.255,461144.724
wheel,0.5,0.502,10,0.1,21,1000,0.296,7.28,484207.596
wheel,0.5,0.502,10,0.1,22,1000,0.297,7.285,507279.842
wheel,0.5,0.502,10,0.1,23,1000,0.314,7.378,530341.534
wheel,0.5,0.502,10,0.1,24,1000,0.322,7.417,553404.21
wheel,0.5,0.502,10,0.1,25,1000,0.329,7.426,576470.36
wheel,0.5,0.502,10,0.1,26,1000,0.327,7.462,599546.706
wheel,0.5,0.502,10,0.1,27,1000,0.336,7.499,622617.166
wheel,0.5,0.502,10,0.1,28,1000,0.35,7.527,645693.294
wheel,0.5,0.502,10,0.1,29,1000,0.362,7.553,668773.242
wheel,0.5,0.502,10,0.1,30,1000,0.358,7.596,691832.598
wheel,0.5,0.502,10,0.1,31,1000,0.382,7.637,714906.108
wheel,0.5,0.502,10,0.1,32,1000,0.384,7.648,737984.588
wheel,0.5,0.502,10,0.1,33,1000,0.397,7.742,761056.822
wheel,0.5,0.502,10,0.1,34,1000,0.401,7.747,784131.016
wheel,0.5,0.502,10,0.1,35,1000,0.414,7.789,807181.906
wheel,0.5,0.502,10,0.1,36,1000,0.409,7.805,830259.586
wheel,0.5,0.502,10,0.1,37,1000,0.415,7.832,853326.936
wheel,0.5,0.502,10,0.1,38,1000,0.408,7.849,876378.592
wheel,0.5,0.502,10,0.1,39,1000,0.411,7.866,899432.336
wheel,0.5,0.502,10,0.1,40,1000,0.418,7.902,922497.102
wheel,0.5,0.502,10,0.1,41,1000,0.424,7.937,945554.57
wheel,0.5,0.502,10,0.1,42,1000,0.419,7.974,968627.538
wheel,0.5,0.502,10,0.1,43,1000,0.424,7.982,991685.274
wheel,0.5,0.502,10,0.1,44,1000,0.422,8.004,1014740.604
wheel,0.5,0.502,10,0.1,45,1000,0.424,8.025,1037823.082
wheel,0.5,0.502,10,0.1,46,1000,0.419,8.038,1060886.112
wheel,0.5,0.502,10,0.1,47,1000,0.436,8.086,1083947.442
wheel,0.5,0.502,10,0.1,48,1000,0.441,8.129,1107004.332
wheel,0.5,0.502,10,0.1,49,1000,0.439,8.155,1130075.836
wheel,0.5,0.502,10,0.1,50,1000,0.441,8.169,1153137.268
wheel,0.5,0.502,10,0.1,51,1000,0.446,8.188,1176213.716
wheel,0.5,0.502,10,0.1,52,1000,0.458,8.228,1199285.766
wheel,0.5,0.502,10,0.1,53,1000,0.467,8.259,1222358.72
wheel,0.5,0.502,10,0.1,54,1000,0.467,8.27,1245439.514
wheel,0.5,0.502,10,0.1,55,1000,0.481,8.292,1268522.166
wheel,0.5,0.502,10,0.1,56,1000,0.484,8.33,1291588.79
wheel,0.5,0.502,10,0.1,57,1000,0.48,8.346,1314658.02
wheel,0.5,0.502,10,0.1,58,1000,0.5,8.399,1337718.856
wheel,0.5,0.502,10,0.1,59,1000,0.5,8.427,1360786.224
wheel,0.5,0.502,10,0.1,60,1000,0.506,8.464,1383854.156
wheel,0.5,0.502,10,0.1,61,1000,0.503,8.447,1406943.384
wheel,0.5,0.502,10,0.1,62,1000,0.519,8.471,1430007.784
wheel,0.5,0.502,10,0.1,63,1000,0.515,8.487,1453074.366
wheel,0.5,0.502,10,0.1,64,1000,0.532,8.54,1476131.552
wheel,0.5,0.502,10,0.1,65,1000,0.535,8.544,1499204.59
wheel,0.5,0.502,10,0.1,66,1000,0.537,8.557,1522279.516
wheel,0.5,0.502,10,0.1,67,1000,0.535,8.585,1545367.812
wheel,0.5,0.502,10,0.1,68,1000,0.539,8.605,1568431.202
wheel,0.5,0.502,10,0.1,69,1000,0.541,8.599,1591498.192
wheel,0.5,0.502,10,0.1,70,1000,0.547,8.632,1614574.682
wheel,0.5,0.502,10,0.1,71,1000,0.541,8.634,1637666.96
wheel,0.5,0.502,10,0.1,72,1000,0.552,8.635,1660744.97
wheel,0.5,0.502,10,0.1,73,1000,0.563,8.642,1683824.728
wheel,0.5,0.502,10,0.1,74,1000,0.553,8.648,1706902.496
wheel,0.5,0.502,10,0.1,75,1000,0.569,8.679,1729976.244
wheel,0.5,0.502,10,0.1,76,1000,0.567,8.71,1753058.902
wheel,0.5,0.502,10,0.1,77,1000,0.569,8.71,1776134.086
wheel,0.5,0.502,10,0.1,78,1000,0.565,8.687,1799213.078
wheel,0.5,0.502,10,0.1,79,1000,0.566,8.717,1822286.768
wheel,0.5,0.502,10,0.1,80,1000,0.57,8.723,1845357.616
wheel,0.5,0.502,10,0.1,81,1000,0.561,8.736,1868443.114
wheel,0.5,0.502,10,0.1,82,1000,0.578,8.781,1891511.04
wheel,0.5,0.502,10,0.1,83,1000,0.576,8.792,1914593.544
wheel,0.5,0.502,10,0.1,84,1000,0.586,8.814,1937673.332
wheel,0.5,0.502,10,0.1,85,1000,0.586,8.832,1960739.024
wheel,0.5,0.502,10,0.1,86,1000,0.597,8.836,1983830.296
wheel,0.5,0.502,10,0.1,87,1000,0.601,8.857,2006900.778
wheel,0.5,0.502,10,0.1,88,1000,0.604,8.882,2029978.838
wheel,0.5,0.502,10,0.1,89,1000,0.601,8.888,2053044.27
wheel,0.5,0.502,10,0.1,90,1000,0.611,8.912,2076111.66
wheel,0.5,0.502,10,0.1,91,1000,0.616,8.91,2099188.698
wheel,0.5,0.502,10,0.1,92,1000,0.619,8.929,2122260.826
wheel,0.5,0.502,10,0.1,93,1000,0.624,8.946,2145342.21
wheel,0.5,0.502,10,0.1,94,1000,0.624,8.96,2168404.306
wheel,0.5,0.502,10,0.1,95,1000,0.618,8.965,2191475.606
wheel,0.5,0.502,10,0.1,96,1000,0.636,8.978,2214555.13
wheel,0.5,0.502,10,0.1,97,1000,0.633,8.98,2237626.882
wheel,0.5,0.502,10,0.1,98,1000,0.634,9.003,2260705.02
wheel,0.5,0.502,10,0.1,99,1000,0.64,9.015,2283768.21
wheel,0.5,0.502,10,0.1,100,1000,0.634,9.003,2306826.872
complete,0.5,0.505,10,0.1,1,1000,0.684,6.84,50252.61
complete,0.5,0.505,10,0.1,2,1000,0.735,7.35,100606.28
complete,0.5,0.505,10,0.1,3,1000,0.781,7.81,150957.25
complete,0.5,0.505,10,0.1,4,1000,0.807,8.07,201330.36
complete,0.5,0.505,10,0.1,5,1000,0.816,8.16,251713.54
complete,0.5,0.505,10,0.1,6,1000,0.828,8.28,302060.7
complete,0.5,0.505,10,0.1,7,1000,0.856,8.56,352431.11
complete,0.5,0.505,10,0.1,8,1000,0.877,8.77,402814.67
complete,0.5,0.505,10,0.1,9,1000,0.892,8.92,453191.63
complete,0.5,0.505,10,0.1,10,1000,0.901,9.01,503599.23
complete,0.5,0.505,10,0.1,11,1000,0.909,9.09,554012.03
complete,0.5,0.505,10,0.1,12,1000,0.92,9.2,604410.53
complete,0.5,0.505,10,0.1,13,1000,0.934,9.34,654858.93
complete,0.5,0.505,10,0.1,14,1000,0.936,9.36,705299.62
complete,0.5,0.505,10,0.1,15,1000,0.948,9.48,755743.02
complete,0.5,0.505,10,0.1,16,1000,0.949,9.49,806193.92
complete,0.5,0.505,10,0.1,17,1000,0.956,9.56,856631.2
complete,0.5,0.505,10,0.1,18,1000,0.958,9.58,907059.17
complete,0.5,0.505,10,0.1,19,1000,0.962,9.62,957494.28
complete,0.5,0.505,10,0.1,20,1000,0.961,9.61,1007932.09
complete,0.5,0.505,10,0.1,21,1000,0.967,9.67,1058390.02
complete,0.5,0.505,10,0.1,22,1000,0.965,9.65,1108805.69
complete,0.5,0.505,10,0.1,23,1000,0.967,9.67,1159253.37
complete,0.5,0.505,10,0.1,24,1000,0.971,9.71,1209697.62
complete,0.5,0.505,10,0.1,25,1000,0.974,9.74,1260167.13
complete,0.5,0.505,10,0.1,26,1000,0.975,9.75,1310589.59
complete,0.5,0.505,10,0.1,27,1000,0.974,9.74,1361040.94
complete,0.5,0.505,10,0.1,28,1000,0.977,9.77,1411517.45
complete,0.5,0.505,10,0.1,29,1000,0.98,9.8,1461896.02
complete,0.5,0.505,10,0.1,30,1000,0.979,9.79,1512332.12
complete,0.5,0.505,10,0.1,31,1000,0.978,9.78,1562767.41
complete,0.5,0.505,10,0.1,32,1000,0.982,9.82,1613201.15
complete,0.5,0.505,10,0.1,33,1000,0.984,9.84,1663633.38
complete,0.5,0.505,10,0.1,34,1000,0.985,9.85,1714094.25
complete,0.5,0.505,10,0.1,35,1000,0.983,9.83,1764544.18
complete,0.5,0.505,10,0.1,36,1000,0.984,9.84,1814998.4
complete,0.5,0.505,10,0.1,37,1000,0.984,9.84,1865445.69
complete,0.5,0.505,10,0.1,38,1000,0.99,9.9,1915889.64
complete,0.5,0.505,10,0.1,39,1000,0.99,9.9,1966334.04
complete,0.5,0.505,10,0.1,40,1000,0.992,9.92,2016777.09
complete,0.5,0.505,10,0.1,41,1000,0.993,9.93,2067248.58
complete,0.5,0.505,10,0.1,42,1000,0.994,9.94,2117685.04
complete,0.5,0.505,10,0.1,43,1000,0.994,9.94,2168140.97
complete,0.5,0.505,10,0.1,44,1000,0.995,9.95,2218549.54
complete,0.5,0.505,10,0.1,45,1000,0.995,9.95,2269008.61
complete,0.5,0.505,10,0.1,46,1000,0.996,9.96,2319415.86
complete,0.5,0.505,10,0.1,47,1000,0.997,9.97,2369847.82
complete,0.5,0.505,10,0.1,48,1000,0.997,9.97,2420268.82
complete,0.5,0.505,10,0.1,49,1000,0.996,9.96,2470712.15
complete,0.5,0.505,10,0.1,50,1000,0.996,9.96,2521139.59
complete,0.5,0.505,10,0.1,51,1000,0.997,9.97,2571584.76
complete,0.5,0.505,10,0.1,52,1000,0.999,9.99,2622025.47
complete,0.5,0.505,10,0.1,53,1000,0.999,9.99,2672465.87
complete,0.5,0.505,10,0.1,54,1000,0.999,9.99,2722944.14
complete,0.5,0.505,10,0.1,55,1000,1.0,10.0,2773373.07
complete,0.5,0.505,10,0.1,56,1000,1.0,10.0,2823806.17
complete,0.5,0.505,10,0.1,57,1000,1.0,10.0,2874243.96
complete,0.5,0.505,10,0.1,58,1000,1.0,10.0,2924688.35
complete,0.5,0.505,10,0.1,59,1000,1.0,10.0,2975146.49
complete,0.5,0.505,10,0.1,60,1000,1.0,10.0,3025614.58
complete,0.5,0.505,10,0.1,61,1000,1.0,10.0,3076025.86
complete,0.5,0.505,10,0.1,62,1000,1.0,10.0,3126482.63
complete,0.5,0.505,10,0.1,63,1000,1.0,10.0,3176919.61
complete,0.5,0.505,10,0.1,64,1000,1.0,10.0,3227361.53
complete,0.5,0.505,10,0.1,65,1000,1.0,10.0,3277817.22
complete,0.5,0.505,10,0.1,66,1000,1.0,10.0,3328272.74
complete,0.5,0.505,10,0.1,67,1000,1.0,10.0,3378736.71
complete,0.5,0.505,10,0.1,68,1000,1.0,10.0,3429171.84
complete,0.5,0.505,10,0.1,69,1000,1.0,10.0,3479623.4
complete,0.5,0.505,10,0.1,70,1000,1.0,10.0,3530097.94
complete,0.5,0.505,10,0.1,71,1000,1.0,10.0,3580562.74
complete,0.5,0.505,10,0.1,72,1000,1.0,10.0,3631002.89
complete,0.5,0.505,10,0.1,73,1000,1.0,10.0,3681469.15
complete,0.5,0.505,10,0.1,74,1000,1.0,10.0,3731921.75
complete,0.5,0.505,10,0.1,75,1000,1.0,10.0,3782376.43
complete,0.5,0.505,10,0.1,76,1000,1.0,10.0,3832817.17
complete,0.5,0.505,10,0.1,77,1000,1.0,10.0,3883274.05
complete,0.5,0.505,10,0.1,78,1000,1.0,10.0,3933731.9
complete,0.5,0.505,10,0.1,79,1000,1.0,10.0,3984183.24
complete,0.5,0.505,10,0.1,80,1000,1.0,10.0,4034644.33
complete,0.5,0.505,10,0.1,81,1000,0.999,9.99,4085090.02
complete,0.5,0.505,10,0.1,82,1000,1.0,10.0,4135540.12
complete,0.5,0.505,10,0.1,83,1000,1.0,10.0,4185990.09
complete,0.5,0.505,10,0.1,84,1000,1.0,10.0,4236440.61
complete,0.5,0.505,10,0.1,85,1000,1.0,10.0,4286884.1
complete,0.5,0.505,10,0.1,86,1000,1.0,10.0,4337306.65
complete,0.5,0.505,10,0.1,87,1000,1.0,10.0,4387768.46
complete,0.5,0.505,10,0.1,88,1000,1.0,10.0,4438205.41
complete,0.5,0.505,10,0.1,89,1000,1.0,10.0,4488659.72
complete,0.5,0.505,10,0.1,90,1000,1.0,10.0,4539106.1
complete,0.5,0.505,10,0.1,91,1000,1.0,10.0,4589572.37
complete,0.5,0.505,10,0.1,92,1000,1.0,10.0,4640029.31
complete,0.5,0.505,10,0.1,93,1000,1.0,10.0,4690482.87
complete,0.5,0.505,10,0.1,94,1000,1.0,10.0,4740956.5
complete,0.5,0.505,10,0.1,95,1000,1.0,10.0,4791415.88
complete,0.5,0.505,10,0.1,96,1000,1.0,10.0,4841853.49
complete,0.5,0.505,10,0.1,97,1000,1.0,10.0,4892318.2
complete,0.5,0.505,10,0.1,98,1000,1.0,10.0,4942782.11
complete,0.5,0.505,10,0.1,99,1000,1.0,10.0,4993246.66
complete,0.5,0.505,10,0.1,100,1000,1.0,10.0,5043702.64
cycle,0.5,0.505,10,0.1,1,1000,0.073,6.132,15102.8
cycle,0.5,0.505,10,0.1,2,1000,0.102,6.576,30184.559
cycle,0.5,0.505,10,0.1,3,1000,0.154,6.825,45288.809
cycle,0.5,0.505,10,0.1,4,1000,0.185,7.093,60386.27
cycle,0.5,0.505,10,0.1,5,1000,0.198,7.257,75489.29
cycle,0.5,0.505,10,0.1,6,1000,0.23,7.467,90590.195
cycle,0.5,0.505,10,0.1,7,1000,0.254,7.639,105692.366
cycle,0.5,0.505,10,0.1,8,1000,0.271,7.771,120796.883
cycle,0.5,0.505,10,0.1,9,1000,0.302,7.914,135895.289
cycle,0.5,0.505,10,0.1,10,1000,0.334,8.058,150999.593
cycle,0.5,0.505,10,0.1,11,1000,0.332,8.155,166109.408
cycle,0.5,0.505,10,0.1,12,1000,0.361,8.256,181219.421
cycle,0.5,0.505,10,0.1,13,1000,0.386,8.375,196330.706
cycle,0.5,0.505,10,0.1,14,1000,0.412,8.467,211443.596
cycle,0.5,0.505,10,0.1,15,1000,0.424,8.531,226560.176
cycle,0.5,0.505,10,0.1,16,1000,0.45,8.648,241683.587
cycle,0.5,0.505,10,0.1,17,1000,0.465,8.716,256797.779
cycle,0.5,0.505,10,0.1,18,1000,0.483,8.803,271927.229
cycle,0.5,0.505,10,0.1,19,1000,0.501,8.846,287040.986
cycle,0.5,0.505,10,0.1,20,1000,0.528,8.922,302173.325
cycle,0.5,0.505,10,0.1,21,1000,0.55,9.004,317302.292
cycle,0.5,0.505,10,0.1,22,1000,0.563,9.028,332424.2
cycle,0.5,0.505,10,0.1,23,1000,0.57,9.058,347545.562
cycle,0.5,0.505,10,0.1,24,1000,0.582,9.107,362667.68
cycle,0.5,0.505,10,0.1,25,1000,0.606,9.176,377788.649
cycle,0.5,0.505,10,0.1,26,1000,0.62,9.221,392912.852
cycle,0.5,0.505,10,0.1,27,1000,0.632,9.267,408039.611
cycle,0.5,0.505,10,0.1,28,1000,0.645,9.302,423166.769
cycle,0.5,0.505,10,0.1,29,1000,0.649,9.316,438299.126
cycle,0.5,0.505,10,0.1,30,1000,0.658,9.34,453426.461
cycle,0.5,0.505,10,0.1,31,1000,0.686,9.375,468557.822
cycle,0.5,0.505,10,0.1,32,1000,0.697,9.42,483690.557
cycle,0.5,0.505,10,0.1,33,1000,0.712,9.458,498808.127
cycle,0.5,0.505,10,0.1,34,1000,0.721,9.469,513935.453
cycle,0.5,0.505,10,0.1,35,1000,0.724,9.493,529066.031
cycle,0.5,0.505,10,0.1,36,1000,0.717,9.489,544199.801
cycle,0.5,0.505,10,0.1,37,1000,0.737,9.519,559330.889
cycle,0.5,0.505,10,0.1,38,1000,0.737,9.535,574455.323
cycle,0.5,0.505,10,0.1,39,1000,0.744,9.541,589582.199
cycle,0.5,0.505,10,0.1,40,1000,0.749,9.561,604710.122
cycle,0.5,0.505,10,0.1,41,1000,0.759,9.579,619843.019
cycle,0.5,0.505,10,0.1,42,1000,0.775,9.611,634969.454
cycle,0.5,0.505,10,0.1,43,1000,0.784,9.625,650103.008
cycle,0.5,0.505,10,0.1,44,1000,0.793,9.651,665230.358
cycle,0.5,0.505,10,0.1,45,1000,0.806,9.664,680361.551
cycle,0.5,0.505,10,0.1,46,1000,0.817,9.683,695492.837
cycle,0.5,0.505,10,0.1,47,1000,0.814,9.686,710620.496
cycle,0.5,0.505,10,0.1,48,1000,0.818,9.693,725749.232
cycle,0.5,0.505,10,0.1,49,1000,0.815,9.699,740879.663
cycle,0.5,0.505,10,0.1,50,1000,0.821,9.715,756016.043
cycle,0.5,0.505,10,0.1,51,1000,0.826,9.72,771147.872
cycle,0.5,0.505,10,0.1,52,1000,0.827,9.719,786286.676
cycle,0.5,0.505,10,0.1,53,1000,0.837,9.747,801421.958
cycle,0.5,0.505,10,0.1,54,1000,0.84,9.749,816549.755
cycle,0.5,0.505,10,0.1,55,1000,0.838,9.758,831679.037
cycle,0.5,0.505,10,0.1,56,1000,0.839,9.755,846816.527
cycle,0.5,0.505,10,0.1,57,1000,0.84,9.757,861947.402
cycle,0.5,0.505,10,0.1,58,1000,0.846,9.769,877081.187
cycle,0.5,0.505,10,0.1,59,1000,0.845,9.775,892213.955
cycle,0.5,0.505,10,0.1,60,1000,0.85,9.786,907346.702
cycle,0.5,0.505,10,0.1,61,1000,0.855,9.795,922468.952
cycle,0.5,0.505,10,0.1,62,1000,0.873,9.824,937593.71
cycle,0.5,0.505,10,0.1,63,1000,0.879,9.828,952723.76
cycle,0.5,0.505,10,0.1,64,1000,0.881,9.828,967862.144
cycle,0.5,0.505,10,0.1,65,1000,0.884,9.831,982997.033
cycle,0.5,0.505,10,0.1,66,1000,0.883,9.827,998123.429
cycle,0.5,0.505,10,0.1,67,1000,0.884,9.834,1013257.034
cycle,0.5,0.505,10,0.1,68,1000,0.881,9.832,1028387.687
cycle,0.5,0.505,10,0.1,69,1000,0.896,9.854,1043530.097
cycle,0.5,0.505,10,0.1,70,1000,0.889,9.851,1058659.607
cycle,0.5,0.505,10,0.1,71,1000,0.899,9.864,1073794.076
cycle,0.5,0.505,10,0.1,72,1000,0.905,9.867,1088931.347
cycle,0.5,0.505,10,0.1,73,1000,0.91,9.871,1104067.187
cycle,0.5,0.505,10,0.1,74,1000,0.916,9.883,1119201.779
cycle,0.5,0.505,10,0.1,75,1000,0.912,9.88,1134337.622
cycle,0.5,0.505,10,0.1,76,1000,0.915,9.881,1149473.03
cycle,0.5,0.505,10,0.1,77,1000,0.916,9.885,1164611.933
cycle,0.5,0.505,10,0.1,78,1000,0.917,9.889,1179742.769
cycle,0.5,0.505,10,0.1,79,1000,0.917,9.891,1194879.791
cycle,0.5,0.505,10,0.1,80,1000,0.918,9.897,1210008.959
cycle,0.5,0.505,10,0.1,81,1000,0.924,9.902,1225137.281
cycle,0.5,0.505,10,0.1,82,1000,0.928,9.91,1240271.09
cycle,0.5,0.505,10,0.1,83,1000,0.931,9.913,1255406.957
cycle,0.5,0.505,10,0.1,84,1000,0.947,9.933,1270538.999
cycle,0.5,0.505,10,0.1,85,1000,0.944,9.928,1285666.94
cycle,0.5,0.505,10,0.1,86,1000,0.95,9.932,1300794.647
cycle,0.5,0.505,10,0.1,87,1000,0.949,9.929,1315924.562
cycle,0.5,0.505,10,0.1,88,1000,0.956,9.938,1331058.785
cycle,0.5,0.505,10,0.1,89,1000,0.95,9.934,1346194.352
cycle,0.5,0.505,10,0.1,90,1000,0.956,9.943,1361328.023
cycle,0.5,0.505,10,0.1,91,1000,0.956,9.941,1376468.708
cycle,0.5,0.505,10,0.1,92,1000,0.95,9.938,1391604.854
cycle,0.5,0.505,10,0.1,93,1000,0.952,9.94,1406740.094
cycle,0.5,0.505,10,0.1,94,1000,0.955,9.943,1421877.293
cycle,0.5,0.505,10,0.1,95,1000,0.958,9.948,1437005.324
cycle,0.5,0.505,10,0.1,96,1000,0.961,9.952,1452133.667
cycle,0.5,0.505,10,0.1,97,1000,0.96,9.951,1467264.749
cycle,0.5,0.505,10,0.1,98,1000,0.959,9.95,1482395.447
cycle,0.5,0.505,10,0.1,99,1000,0.965,9.953,1497536.351
cycle,0.5,0.505,10,0.1,100,1000,0.966,9.957,1512668.129
wheel,0.5,0.505,10,0.1,1,1000,0.165,6.102,23121.844
wheel,0.5,0.505,10,0.1,2,1000,0.248,6.649,46253.584
wheel,0.5,0.505,10,0.1,3,1000,0.288,7.087,69406.354
wheel,0.5,0.505,10,0.1,4,1000,0.331,7.417,92562.234
wheel,0.5,0.505,10,0.1,5,1000,0.378,7.66,115747.358
wheel,0.5,0.505,10,0.1,6,1000,0.396,7.844,138922.574
wheel,0.5,0.505,10,0.1,7,1000,0.453,8.034,162108.384
wheel,0.5,0.505,10,0.1,8,1000,0.481,8.222,185273.468
wheel,0.5,0.505,10,0.1,9,1000,0.506,8.349,208465.428
wheel,0.5,0.505,10,0.1,10,1000,0.53,8.53,231649.344
wheel,0.5,0.505,10,0.1,11,1000,0.555,8.623,254841.004
wheel,0.5,0.505,10,0.1,12,1000,0.564,8.728,278021.87
wheel,0.5,0.505,10,0.1,13,1000,0.578,8.829,301219.862
wheel,0.5,0.505,10,0.1,14,1000,0.619,8.92,324409.59
wheel,0.5,0.505,10,0.1,15,1000,0.635,8.995,347592.67
wheel,0.5,0.505,10,0.1,16,1000,0.655,9.064,370789.528
wheel,0.5,0.505,10,0.1,17,1000,0.655,9.083,393984.43
wheel,0.5,0.505,10,0.1,18,1000,0.678,9.145,417180.474
wheel,0.5,0.505,10,0.1,19,1000,0.702,9.216,440360.236
wheel,0.5,0.505,10,0.1,20,1000,0.696,9.219,463565.784
wheel,0.5,0.505,10,0.1,21,1000,0.72,9.27,486744.32
wheel,0.5,0.505,10,0.1,22,1000,0.725,9.323,509947.434
wheel,0.5,0.505,10,0.1,23,1000,0.74,9.383,533145.582
wheel,0.5,0.505,10,0.1,24,1000,0.753,9.41,556339.558
wheel,0.5,0.505,10,0.1,25,1000,0.759,9.448,579530.534
wheel,0.5,0.505,10,0.1,26,1000,0.759,9.492,602730.852
wheel,0.5,0.505,10,0.1,27,1000,0.785,9.536,625928.634
wheel,0.5,0.505,10,0.1,28,1000,0.796,9.547,649131.974
wheel,0.5,0.505,10,0.1,29,1000,0.792,9.554,672325.338
wheel,0.5,0.505,10,0.1,30,1000,0.795,9.578,695511.988
wheel,0.5,0.505,10,0.1,31,1000,0.805,9.595,718709.022
wheel,0.5,0.505,10,0.1,32,1000,0.809,9.61,741910.726
wheel,0.5,0.505,10,0.1,33,1000,0.81,9.621,765123.516
wheel,0.5,0.505,10,0.1,34,1000,0.817,9.636,788333.378
wheel,0.5,0.505,10,0.1,35,1000,0.82,9.653,811537.818
wheel,0.5,0.505,10,0.1,36,1000,0.833,9.68,834728.592
wheel,0.5,0.505,10,0.1,37,1000,0.836,9.689,857927.762
wheel,0.5,0.505,10,0.1,38,1000,0.854,9.719,881146.086
wheel,0.5,0.505,10,0.1,39,1000,0.861,9.732,904353.804
wheel,0.5,0.505,10,0.1,40,1000,0.881,9.76,927566.978
wheel,0.5,0.505,10,0.1,41,1000,0.88,9.769,950766.528
wheel,0.5,0.505,10,0.1,42,1000,0.881,9.778,973970.528
wheel,0.5,0.505,10,0.1,43,1000,0.894,9.797,997170.474
wheel,0.5,0.505,10,0.1,44,1000,0.898,9.807,1020379.504
wheel,0.5,0.505,10,0.1,45,1000,0.897,9.814,1043586.78
wheel,0.5,0.505,10,0.1,46,1000,0.9,9.824,1066800.37
wheel,0.5,0.505,10,0.1,47,1000,0.899,9.835,1090010.604
wheel,0.5,0.505,10,0.1,48,1000,0.903,9.836,1113212.192
wheel,0.5,0.505,10,0.1,49,1000,0.91,9.84,1136411.604
wheel,0.5,0.505,10,0.1,50,1000,0.916,9.852,1159602.672
wheel,0.5,0.505,10,0.1,51,1000,0.919,9.849,1182804.322
wheel,0.5,0.505,10,0.1,52,1000,0.928,9.868,1206011.068
wheel,0.5,0.505,10,0.1,53,1000,0.93,9.878,1229196.028
wheel,0.5,0.505,10,0.1,54,1000,0.922,9.87,1252395.394
wheel,0.5,0.505,10,0.1,55,1000,0.928,9.877,1275591.61
wheel,0.5,0.505,10,0.1,56,1000,0.938,9.896,1298807.322
wheel,0.5,0.505,10,0.1,57,1000,0.938,9.899,1322006.138
wheel,0.5,0.505,10,0.1,58,1000,0.937,9.897,1345207.704
wheel,0.5,0.505,10,0.1,59,1000,0.938,9.903,1368409.696
wheel,0.5,0.505,10,0.1,60,1000,0.941,9.909,1391600.194
wheel,0.5,0.505,10,0.1,61,1000,0.949,9.917,1414801.458
wheel,0.5,0.505,10,0.1,62,1000,0.952,9.932,1438007.866
wheel,0.5,0.505,10,0.1,63,1000,0.943,9.919,1461218.242
wheel,0.5,0.505,10,0.1,64,1000,0.941,9.916,1484425.012
wheel,0.5,0.505,10,0.1,65,1000,0.95,9.928,1507634.706
wheel,0.5,0.505,10,0.1,66,1000,0.959,9.938,1530848.728
wheel,0.5,0.505,10,0.1,67,1000,0.956,9.926,1554048.898
wheel,0.5,0.505,10,0.1,68,1000,0.96,9.934,1577252.136
wheel,0.5,0.505,10,0.1,69,1000,0.96,9.937,1600463.18
wheel,0.5,0.505,10,0.1,70,1000,0.964,9.945,1623669.942
wheel,0.5,0.505,10,0.1,71,1000,0.965,9.951,1646865.742
wheel,0.5,0.505,10,0.1,72,1000,0.969,9.951,1670059.3
wheel,0.5,0.505,10,0.1,73,1000,0.971,9.957,1693257.32
wheel,0.5,0.505,10,0.1,74,1000,0.967,9.955,1716474.068
wheel,0.5,0.505,10,0.1,75,1000,0.967,9.958,1739656.162
wheel,0.5,0.505,10,0.1,76,1000,0.968,9.961,1762863.318
wheel,0.5,0.505,10,0.1,77,1000,0.974,9.97,1786070.758
wheel,0.5,0.505,10,0.1,78,1000,0.976,9.973,1809275.006
wheel,0.5,0.505,10,0.1,79,1000,0.976,9.974,1832499.96
wheel,0.5,0.505,10,0.1,80,1000,0.98,9.973,1855703.922
wheel,0.5,0.505,10,0.1,81,1000,0.981,9.976,1878908.832
wheel,0.5,0.505,10,0.1,82,1000,0.985,9.979,1902110.576
wheel,0.5,0.505,10,0.1,83,1000,0.985,9.981,1925305.824
wheel,0.5,0.505,10,0.1,84,1000,0.982,9.975,1948515.416
wheel,0.5,0.505,10,0.1,85,1000,0.974,9.968,1971725.846
wheel,0.5,0.505,10,0.1,86,1000,0.98,9.974,1994932.32
wheel,0.5,0.505,10,0.1,87,1000,0.983,9.977,2018136.056
wheel,0.5,0.505,10,0.1,88,1000,0.981,9.974,2041345.57
wheel,0.5,0.505,10,0.1,89,1000,0.983,9.978,2064556.83
wheel,0.5,0.505,10,0.1,90,1000,0.986,9.982,2087765.61
wheel,0.5,0.505,10,0.1,91,1000,0.988,9.985,2110977.858
wheel,0.5,0.505,10,0.1,92,1000,0.983,9.982,2134181.112
wheel,0.5,0.505,10,0.1,93,1000,0.982,9.981,2157393.488
wheel,0.5,0.505,10,0.1,94,1000,0.982,9.977,2180603.56
wheel,0.5,0.505,10,0.1,95,1000,0.983,9.979,2203811.636
wheel,0.5,0.505,10,0.1,96,1000,0.986,9.983,2227026.714
wheel,0.5,0.505,10,0.1,97,1000,0.981,9.977,2250236.362
wheel,0.5,0.505,10,0.1,98,1000,0.988,9.986,2273440.386
wheel,0.5,0.505,10,0.1,99,1000,0.986,9.984,2296663.298
wheel,0.5,0.505,10,0.1,100,1000,0.986,9.985,2319868.646
complete,0.5,0.51,10,0.1,1,1000,0.83,8.3,50529.33
complete,0.5,0.51,10,0.1,2,1000,0.903,9.03,101274.49
complete,0.5,0.51,10,0.1,3,1000,0.939,9.39,152123.97
complete,0.5,0.51,10,0.1,4,1000,0.958,9.58,203000.1
complete,0.5,0.51,10,0.1,5,1000,0.961,9.61,253886.18
complete,0.5,0.51,10,0.1,6,1000,0.977,9.77,304737.94
complete,0.5,0.51,10,0.1,7,1000,0.975,9.75,355590.29
complete,0.5,0.51,10,0.1,8,1000,0.981,9.81,406452.23
complete,0.5,0.51,10,0.1,9,1000,0.987,9.87,457343.23
complete,0.5,0.51,10,0.1,10,1000,0.991,9.91,508245.79
complete,0.5,0.51,10,0.1,11,1000,0.994,9.94,559127.47
complete,0.5,0.51,10,0.1,12,1000,0.996,9.96,610000.41
complete,0.5,0.51,10,0.1,13,1000,0.996,9.96,660915.81
complete,0.5,0.51,10,0.1,14,1000,0.997,9.97,711836.28
complete,0.5,0.51,10,0.1,15,1000,0.997,9.97,762718.56
complete,0.5,0.51,10,0.1,16,1000,0.999,9.99,813583.97
complete,0.5,0.51,10,0.1,17,1000,1.0,10.0,864471.61
complete,0.5,0.51,10,0.1,18,1000,1.0,10.0,915355.03
complete,0.5,0.51,10,0.1,19,1000,1.0,10.0,966258.24
complete,0.5,0.51,10,0.1,20,1000,1.0,10.0,1017172.63
complete,0.5,0.51,10,0.1,21,1000,1.0,10.0,1068093.13
complete,0.5,0.51,10,0.1,22,1000,1.0,10.0,1118977.3
complete,0.5,0.51,10,0.1,23,1000,1.0,10.0,1169870.39
complete,0.5,0.51,10,0.1,24,1000,1.0,10.0,1220772.56
complete,0.5,0.51,10,0.1,25,1000,1.0,10.0,1271649.0
complete,0.5,0.51,10,0.1,26,1000,1.0,10.0,1322537.25
complete,0.5,0.51,10,0.1,27,1000,1.0,10.0,1373423.14
complete,0.5,0.51,10,0.1,28,1000,1.0,10.0,1424339.0
complete,0.5,0.51,10,0.1,29,1000,1.0,10.0,1475260.98
complete,0.5,0.51,10,0.1,30,1000,1.0,10.0,1526146.66
complete,0.5,0.51,10,0.1,31,1000,1.0,10.0,1577026.87
complete,0.5,0.51,10,0.1,32,1000,1.0,10.0,1627945.88
complete,0.5,0.51,10,0.1,33,1000,1.0,10.0,1678836.39
complete,0.5,0.51,10,0.1,34,1000,1.0,10.0,1729707.2
complete,0.5,0.51,10,0.1,35,1000,1.0,10.0,1780597.37
complete,0.5,0.51,10,0.1,36,1000,1.0,10.0,1831494.03
complete,0.5,0.51,10,0.1,37,1000,1.0,10.0,1882386.92
complete,0.5,0.51,10,0.1,38,1000,1.0,10.0,1933305.03
complete,0.5,0.51,10,0.1,39,1000,1.0,10.0,1984206.51
complete,0.5,0.51,10,0.1,40,1000,1.0,10.0,2035117.77
complete,0.5,0.51,10,0.1,41,1000,1.0,10.0,2086027.83
complete,0.5,0.51,10,0.1,42,1000,1.0,10.0,2136896.95
complete,0.5,0.51,10,0.1,43,1000,1.0,10.0,2187808.47
complete,0.5,0.51,10,0.1,44,1000,1.0,10.0,2238693.86
complete,0.5,0.51,10,0.1,45,1000,1.0,10.0,2289578.58
complete,0.5,0.51,10,0.1,46,1000,1.0,10.0,2340478.2
complete,0.5,0.51,10,0.1,47,1000,1.0,10.0,2391378.65
complete,0.5,0.51,10,0.1,48,1000,1.0,10.0,2442275.5
complete,0.5,0.51,10,0.1,49,1000,1.0,10.0,2493188.47
complete,0.5,0.51,10,0.1,50,1000,1.0,10.0,2544082.59
complete,0.5,0.51,10,0.1,51,1000,1.0,10.0,2594982.75
complete,0.5,0.51,10,0.1,52,1000,1.0,10.0,2645853.88
complete,0.5,0.51,10,0.1,53,1000,1.0,10.0,2696735.32
complete,0.5,0.51,10,0.1,54,1000,1.0,10.0,2747652.87
complete,0.5,0.51,10,0.1,55,1000,1.0,10.0,2798573.16
complete,0.5,0.51,10,0.1,56,1000,1.0,10.0,2849460.12
complete,0.5,0.51,10,0.1,57,1000,1.0,10.0,2900367.11
complete,0.5,0.51,10,0.1,58,1000,1.0,10.0,2951270.58
complete,0.5,0.51,10,0.1,59,1000,1.0,10.0,3002189.03
complete,0.5,0.51,10,0.1,60,1000,1.0,10.0,3053102.46
complete,0.5,0.51,10,0.1,61,1000,1.0,10.0,3104000.32
complete,0.5,0.51,10,0.1,62,1000,1.0,10.0,3154872.19
complete,0.5,0.51,10,0.1,63,1000,1.0,10.0,3205784.61
complete,0.5,0.51,10,0.1,64,1000,1.0,10.0,3256693.87
complete,0.5,0.51,10,0.1,65,1000,1.0,10.0,3307597.89
complete,0.5,0.51,10,0.1,66,1000,1.0,10.0,3358485.16
complete,0.5,0.51,10,0.1,67,1000,1.0,10.0,3409386.64
complete,0.5,0.51,10,0.1,68,1000,1.0,10.0,3460278.09
complete,0.5,0.51,10,0.1,69,1000,1.0,10.0,3511190.94
complete,0.5,0.51,10,0.1,70,1000,1.0,10.0,3562111.1
complete,0.5,0.51,10,0.1,71,1000,1.0,10.0,3612994.41
complete,0.5,0.51,10,0.1,72,1000,1.0,10.0,3663880.34
complete,0.5,0.51,10,0.1,73,1000,1.0,10.0,3714778.4
complete,0.5,0.51,10,0.1,74,1000,1.0,10.0,3765686.14
complete,0.5,0.51,10,0.1,75,1000,1.0,10.0,3816574.77
complete,0.5,0.51,10,0.1,76,1000,1.0,10.0,3867492.84
complete,0.5,0.51,10,0.1,77,1000,1.0,10.0,3918410.79
complete,0.5,0.51,10,0.1,78,1000,1.0,10.0,3969327.12
complete,0.5,0.51,10,0.1,79,1000,1.0,10.0,4020220.33
complete,0.5,0.51,10,0.1,80,1000,1.0,10.0,4071137.1
complete,0.5,0.51,10,0.1,81,1000,1.0,10.0,4122068.43
complete,0.5,0.51,10,0.1,82,1000,1.0,10.0,4172940.78
complete,0.5,0.51,10,0.1,83,1000,1.0,10.0,4223859.18
complete,0.5,0.51,10,0.1,84,1000,1.0,10.0,4274767.78
complete,0.5,0.51,10,0.1,85,1000,1.0,10.0,4325691.04
complete,0.5,0.51,10,0.1,86,1000,1.0,10.0,4376590.27
complete,0.5,0.51,10,0.1,87,1000,1.0,10.0,4427509.65
complete,0.5,0.51,10,0.1,88,1000,1.0,10.0,4478432.56
complete,0.5,0.51,10,0.1,89,1000,1.0,10.0,4529357.52
complete,0.5,0.51,10,0.1,90,1000,1.0,10.0,4580300.35
complete,0.5,0.51,10,0.1,91,1000,1.0,10.0,4631180.98
complete,0.5,0.51,10,0.1,92,1000,1.0,10.0,4682098.73
complete,0.5,0.51,10,0.1,93,1000,1.0,10.0,4733008.67
complete,0.5,0.51,10,0.1,94,1000,1.0,10.0,4783911.87
complete,0.5,0.51,10,0.1,95,1000,1.0,10.0,4834828.18
complete,0.5,0.51,10,0.1,96,1000,1.0,10.0,4885742.55
complete,0.5,0.51,10,0.1,97,1000,1.0,10.0,4936624.46
complete,0.5,0.51,10,0.1,98,1000,1.0,10.0,4987534.28
complete,0.5,0.51,10,0.1,99,1000,1.0,10.0,5038459.76
complete,0.5,0.51,10,0.1,100,1000,1.0,10.0,5089352.65
cycle,0.5,0.51,10,0.1,1,1000,0.128,6.909,15170.309
cycle,0.5,0.51,10,0.1,2,1000,0.237,7.6,30359.663
cycle,0.5,0.51,10,0.1,3,1000,0.332,8.106,45582.614
cycle,0.5,0.51,10,0.1,4,1000,0.401,8.523,60806.504
cycle,0.5,0.51,10,0.1,5,1000,0.469,8.801,76045.604
cycle,0.5,0.51,10,0.1,6,1000,0.53,9.003,91294.691
cycle,0.5,0.51,10,0.1,7,1000,0.575,9.118,106533.359
cycle,0.5,0.51,10,0.1,8,1000,0.638,9.283,121784.546
cycle,0.5,0.51,10,0.1,9,1000,0.685,9.403,137027.594
cycle,0.5,0.51,10,0.1,10,1000,0.711,9.484,152291.183
cycle,0.5,0.51,10,0.1,11,1000,0.762,9.559,167546.633
cycle,0.5,0.51,10,0.1,12,1000,0.784,9.62,182810.165
cycle,0.5,0.51,10,0.1,13,1000,0.808,9.663,198067.298
cycle,0.5,0.51,10,0.1,14,1000,0.827,9.708,213330.584
cycle,0.5,0.51,10,0.1,15,1000,0.851,9.758,228594.125
cycle,0.5,0.51,10,0.1,16,1000,0.866,9.791,243861.902
cycle,0.5,0.51,10,0.1,17,1000,0.887,9.832,259130.837
cycle,0.5,0.51,10,0.1,18,1000,0.893,9.851,274404.779
cycle,0.5,0.51,10,0.1,19,1000,0.896,9.859,289669.673
cycle,0.5,0.51,10,0.1,20,1000,0.922,9.891,304934.978
cycle,0.5,0.51,10,0.1,21,1000,0.931,9.907,320200.892
cycle,0.5,0.51,10,0.1,22,1000,0.941,9.919,335469.767
cycle,0.5,0.51,10,0.1,23,1000,0.944,9.926,350736.758
cycle,0.5,0.51,10,0.1,24,1000,0.954,9.935,366002.636
cycle,0.5,0.51,10,0.1,25,1000,0.964,9.952,381266.684
cycle,0.5,0.51,10,0.1,26,1000,0.964,9.951,396532.565
cycle,0.5,0.51,10,0.1,27,1000,0.968,9.958,411800.288
cycle,0.5,0.51,10,0.1,28,1000,0.969,9.961,427072.013
cycle,0.5,0.51,10,0.1,29,1000,0.969,9.964,442349.468
cycle,0.5,0.51,10,0.1,30,1000,0.976,9.969,457612.742
cycle,0.5,0.51,10,0.1,31,1000,0.982,9.977,472886.243
cycle,0.5,0.51,10,0.1,32,1000,0.985,9.982,488159.333
cycle,0.5,0.51,10,0.1,33,1000,0.983,9.98,503437.415
cycle,0.5,0.51,10,0.1,34,1000,0.985,9.984,518707.967
cycle,0.5,0.51,10,0.1,35,1000,0.983,9.982,533983.016
cycle,0.5,0.51,10,0.1,36,1000,0.982,9.982,549259.712
cycle,0.5,0.51,10,0.1,37,1000,0.986,9.983,564527.285
cycle,0.5,0.51,10,0.1,38,1000,0.992,9.991,579800.456
cycle,0.5,0.51,10,0.1,39,1000,0.99,9.99,595081.16
cycle,0.5,0.51,10,0.1,40,1000,0.991,9.991,610351.175
cycle,0.5,0.51,10,0.1,41,1000,0.996,9.995,625622.357
cycle,0.5,0.51,10,0.1,42,1000,0.997,9.997,640887.818
cycle,0.5,0.51,10,0.1,43,1000,0.993,9.993,656158.046
cycle,0.5,0.51,10,0.1,44,1000,0.995,9.995,671434.841
cycle,0.5,0.51,10,0.1,45,1000,0.994,9.993,686705.348
cycle,0.5,0.51,10,0.1,46,1000,0.997,9.997,701970.155
cycle,0.5,0.51,10,0.1,47,1000,0.995,9.995,717241.982
cycle,0.5,0.51,10,0.1,48,1000,0.995,9.995,732510.374
cycle,0.5,0.51,10,0.1,49,1000,0.997,9.997,747781.475
cycle,0.5,0.51,10,0.1,50,1000,0.999,9.998,763046.291
cycle,0.5,0.51,10,0.1,51,1000,0.997,9.997,778321.301
cycle,0.5,0.51,10,0.1,52,1000,0.998,9.998,793591.844
cycle,0.5,0.51,10,0.1,53,1000,0.998,9.998,808862.624
cycle,0.5,0.51,10,0.1,54,1000,0.998,9.998,824135.282
cycle,0.5,0.51,10,0.1,55,1000,0.999,9.999,839405.54
cycle,0.5,0.51,10,0.1,56,1000,1.0,10.0,854676.359
cycle,0.5,0.51,10,0.1,57,1000,0.999,9.999,869955.059
cycle,0.5,0.51,10,0.1,58,1000,0.998,9.998,885219.575
cycle,0.5,0.51,10,0.1,59,1000,0.998,9.998,900483.809
cycle,0.5,0.51,10,0.1,60,1000,0.998,9.998,915749.429
cycle,0.5,0.51,10,0.1,61,1000,0.999,9.999,931014.143
cycle,0.5,0.51,10,0.1,62,1000,0.998,9.998,946276.232
cycle,0.5,0.51,10,0.1,63,1000,1.0,10.0,961542.791
cycle,0.5,0.51,10,0.1,64,1000,0.999,9.999,976808.246
cycle,0.5,0.51,10,0.1,65,1000,0.999,9.999,992079.134
cycle,0.5,0.51,10,0.1,66,1000,1.0,10.0,1007342.585
cycle,0.5,0.51,10,0.1,67,1000,0.998,9.998,1022610.494
cycle,0.5,0.51,10,0.1,68,1000,1.0,10.0,1037880.917
cycle,0.5,0.51,10,0.1,69,1000,1.0,10.0,1053147.911
cycle,0.5,0.51,10,0.1,70,1000,1.0,10.0,1068417.815
cycle,0.5,0.51,10,0.1,71,1000,1.0,10.0,1083683.927
cycle,0.5,0.51,10,0.1,72,1000,1.0,10.0,1098952.01
cycle,0.5,0.51,10,0.1,73,1000,1.0,10.0,1114225.253
cycle,0.5,0.51,10,0.1,74,1000,1.0,10.0,1129502.195
cycle,0.5,0.51,10,0.1,75,1000,1.0,10.0,1144774.472
cycle,0.5,0.51,10,0.1,76,1000,0.999,9.999,1160041.22
cycle,0.5,0.51,10,0.1,77,1000,1.0,10.0,1175308.511
cycle,0.5,0.51,10,0.1,78,1000,1.0,10.0,1190582.54
cycle,0.5,0.51,10,0.1,79,1000,1.0,10.0,1205861.996
cycle,0.5,0.51,10,0.1,80,1000,1.0,10.0,1221124.301
cycle,0.5,0.51,10,0.1,81,1000,1.0,10.0,1236394.481
cycle,0.5,0.51,10,0.1,82,1000,1.0,10.0,1251652.784
cycle,0.5,0.51,10,0.1,83,1000,1.0,10.0,1266913.874
cycle,0.5,0.51,10,0.1,84,1000,1.0,10.0,1282175.912
cycle,0.5,0.51,10,0.1,85,1000,1.0,10.0,1297444.004
cycle,0.5,0.51,10,0.1,86,1000,0.999,9.999,1312708.025
cycle,0.5,0.51,10,0.1,87,1000,0.999,9.999,1327977.449
cycle,0.5,0.51,10,0.1,88,1000,1.0,10.0,1343245.136
cycle,0.5,0.51,10,0.1,89,1000,1.0,10.0,1358512.322
cycle,0.5,0.51,10,0.1,90,1000,1.0,10.0,1373780.615
cycle,0.5,0.51,10,0.1,91,1000,1.0,10.0,1389050.048
cycle,0.5,0.51,10,0.1,92,1000,1.0,10.0,1404322.844
cycle,0.5,0.51,10,0.1,93,1000,1.0,10.0,1419597.158
cycle,0.5,0.51,10,0.1,94,1000,1.0,10.0,1434862.853
cycle,0.5,0.51,10,0.1,95,1000,1.0,10.0,1450131.602
cycle,0.5,0.51,10,0.1,96,1000,1.0,10.0,1465408.115
cycle,0.5,0.51,10,0.1,97,1000,1.0,10.0,1480680.014
cycle,0.5,0.51,10,0.1,98,1000,1.0,10.0,1495943.336
cycle,0.5,0.51,10,0.1,99,1000,1.0,10.0,1511211.959
cycle,0.5,0.51,10,0.1,100,1000,1.0,10.0,1526480.84
wheel,0.5,0.51,10,0.1,1,1000,0.244,7.087,23249.7
wheel,0.5,0.51,10,0.1,2,1000,0.375,8.015,46573.196
wheel,0.5,0.51,10,0.1,3,1000,0.474,8.499,69913.308
wheel,0.5,0.51,10,0.1,4,1000,0.57,8.894,93267.984
wheel,0.5,0.51,10,0.1,5,1000,0.639,9.137,116653.356
wheel,0.5,0.51,10,0.1,6,1000,0.679,9.299,140043.426
wheel,0.5,0.51,10,0.1,7,1000,0.738,9.47,163432.726
wheel,0.5,0.51,10,0.1,8,1000,0.772,9.56,186827.704
wheel,0.5,0.51,10,0.1,9,1000,0.799,9.628,210225.456
wheel,0.5,0.51,10,0.1,10,1000,0.851,9.74,233621.03
wheel,0.5,0.51,10,0.1,11,1000,0.885,9.813,257022.118
wheel,0.5,0.51,10,0.1,12,1000,0.91,9.851,280432.934
wheel,0.5,0.51,10,0.1,13,1000,0.921,9.867,303832.276
wheel,0.5,0.51,10,0.1,14,1000,0.937,9.903,327239.626
wheel,0.5,0.51,10,0.1,15,1000,0.942,9.913,350656.974
wheel,0.5,0.51,10,0.1,16,1000,0.949,9.93,374079.936
wheel,0.5,0.51,10,0.1,17,1000,0.961,9.941,397479.796
wheel,0.5,0.51,10,0.1,18,1000,0.964,9.952,420898.412
wheel,0.5,0.51,10,0.1,19,1000,0.975,9.965,444305.654
wheel,0.5,0.51,10,0.1,20,1000,0.973,9.963,467734.108
wheel,0.5,0.51,10,0.1,21,1000,0.983,9.979,491155.194
wheel,0.5,0.51,10,0.1,22,1000,0.98,9.977,514572.284
wheel,0.5,0.51,10,0.1,23,1000,0.983,9.98,537985.57
wheel,0.5,0.51,10,0.1,24,1000,0.988,9.986,561389.192
wheel,0.5,0.51,10,0.1,25,1000,0.988,9.988,584807.462
wheel,0.5,0.51,10,0.1,26,1000,0.991,9.991,608221.714
wheel,0.5,0.51,10,0.1,27,1000,0.985,9.985,631638.658
wheel,0.5,0.51,10,0.1,28,1000,0.989,9.989,655037.682
wheel,0.5,0.51,10,0.1,29,1000,0.995,9.994,678445.592
wheel,0.5,0.51,10,0.1,30,1000,0.991,9.99,701860.968
wheel,0.5,0.51,10,0.1,31,1000,0.993,9.993,725278.7
wheel,0.5,0.51,10,0.1,32,1000,0.991,9.991,748692.524
wheel,0.5,0.51,10,0.1,33,1000,0.993,9.992,772103.484
wheel,0.5,0.51,10,0.1,34,1000,0.997,9.997,795521.636
wheel,0.5,0.51,10,0.1,35,1000,0.997,9.997,818922.076
wheel,0.5,0.51,10,0.1,36,1000,0.996,9.996,842347.09
wheel,0.5,0.51,10,0.1,37,1000,0.998,9.998,865762.17
wheel,0.5,0.51,10,0.1,38,1000,0.997,9.997,889176.838
wheel,0.5,0.51,10,0.1,39,1000,0.999,9.999,912586.734
wheel,0.5,0.51,10,0.1,40,1000,0.998,9.998,936011.716
wheel,0.5,0.51,10,0.1,41,1000,0.997,9.997,959428.588
wheel,0.5,0.51,10,0.1,42,1000,0.999,9.999,982826.582
wheel,0.5,0.51,10,0.1,43,1000,0.998,9.998,1006260.01
wheel,0.5,0.51,10,0.1,44,1000,0.996,9.996,1029694.846
wheel,0.5,0.51,10,0.1,45,1000,0.997,9.997,1053115.076
wheel,0.5,0.51,10,0.1,46,1000,1.0,10.0,1076534.874
wheel,0.5,0.51,10,0.1,47,1000,1.0,10.0,1099945.13
wheel,0.5,0.51,10,0.1,48,1000,0.999,9.999,1123360.888
wheel,0.5,0.51,10,0.1,49,1000,1.0,10.0,1146772.558
wheel,0.5,0.51,10,0.1,50,1000,0.999,9.999,1170192.458
wheel,0.5,0.51,10,0.1,51,1000,0.999,9.998,1193597.906
wheel,0.5,0.51,10,0.1,52,1000,1.0,10.0,1217016.52
wheel,0.5,0.51,10,0.1,53,1000,1.0,10.0,1240433.408
wheel,0.5,0.51,10,0.1,54,1000,0.999,9.999,1263846.134
wheel,0.5,0.51,10,0.1,55,1000,1.0,10.0,1287270.452
wheel,0.5,0.51,10,0.1,56,1000,1.0,10.0,1310690.946
wheel,0.5,0.51,10,0.1,57,1000,1.0,10.0,1334103.116
wheel,0.5,0.51,10,0.1,58,1000,1.0,10.0,1357523.5
wheel,0.5,0.51,10,0.1,59,1000,1.0,10.0,1380945.272
wheel,0.5,0.51,10,0.1,60,1000,1.0,10.0,1404353.514
wheel,0.5,0.51,10,0.1,61,1000,1.0,10.0,1427770.15
wheel,0.5,0.51,10,0.1,62,1000,0.999,9.999,1451188.116
wheel,0.5,0.51,10,0.1,63,1000,0.999,9.999,1474599.238
wheel,0.5,0.51,10,0.1,64,1000,1.0,10.0,1498012.86
wheel,0.5,0.51,10,0.1,65,1000,1.0,10.0,1521427.12
wheel,0.5,0.51,10,0.1,66,1000,0.999,9.999,1544838.458
wheel,0.5,0.51,10,0.1,67,1000,0.999,9.999,1568256.036
wheel,0.5,0.51,10,0.1,68,1000,1.0,10.0,1591661.224
wheel,0.5,0.51,10,0.1,69,1000,1.0,10.0,1615064.254
wheel,0.5,0.51,10,0.1,70,1000,1.0,10.0,1638485.26
wheel,0.5,0.51,10,0.1,71,1000,1.0,10.0,1661908.214
wheel,0.5,0.51,10,0.1,72,1000,1.0,10.0,1685316.862
wheel,0.5,0.51,10,0.1,73,1000,1.0,10.0,1708734.35
wheel,0.5,0.51,10,0.1,74,1000,1.0,10.0,1732140.222
wheel,0.5,0.51,10,0.1,75,1000,0.999,9.999,1755542.9
wheel,0.5,0.51,10,0.1,76,1000,1.0,10.0,1778951.702
wheel,0.5,0.51,10,0.1,77,1000,1.0,10.0,1802370.95
wheel,0.5,0.51,10,0.1,78,1000,1.0,10.0,1825781.756
wheel,0.5,0.51,10,0.1,79,1000,1.0,10.0,1849194.768
wheel,0.5,0.51,10,0.1,80,1000,1.0,10.0,1872617.346
wheel,0.5,0.51,10,0.1,81,1000,1.0,10.0,1896034.666
wheel,0.5,0.51,10,0.1,82,1000,1.0,10.0,1919444.788
wheel,0.5,0.51,10,0.1,83,1000,1.0,10.0,1942850.48
wheel,0.5,0.51,10,0.1,84,1000,1.0,10.0,1966261.888
wheel,0.5,0.51,10,0.1,85,1000,1.0,10.0,1989656.676
wheel,0.5,0.51,10,0.1,86,1000,1.0,10.0,2013075.212
wheel,0.5,0.51,10,0.1,87,1000,1.0,10.0,2036483.478
wheel,0.5,0.51,10,0.1,88,1000,1.0,10.0,2059894.12
wheel,0.5,0.51,10,0.1,89,1000,1.0,10.0,2083307.018
wheel,0.5,0.51,10,0.1,90,1000,1.0,10.0,2106729.252
wheel,0.5,0.51,10,0.1,91,1000,1.0,10.0,2130153.282
wheel,0.5,0.51,10,0.1,92,1000,1.0,10.0,2153567.106
wheel,0.5,0.51,10,0.1,93,1000,1.0,10.0,2176997.234
wheel,0.5,0.51,10,0.1,94,1000,1.0,10.0,2200407.992
wheel,0.5,0.51,10,0.1,95,1000,1.0,10.0,2223820.854
wheel,0.5,0.51,10,0.1,96,1000,1.0,10.0,2247230.422
wheel,0.5,0.51,10,0.1,97,1000,1.0,10.0,2270646.164
wheel,0.5,0.51,10,0.1,98,1000,1.0,10.0,2294050.744
wheel,0.5,0.51,10,0.1,99,1000,1.0,10.0,2317460.834
wheel,0.5,0.51,10,0.1,100,1000,1.0,10.0,2340867.742
